GYear,GMonth,GDay,GoldText,GoldVerse,GoldFrame,GoldAlign,GoldSize,BigText,BigAlign,BigSize,SmallText
2017,1,1,求你指教我們怎樣數算#自己的日子、好叫我們#得著智慧的心。,詩篇90章12節,S,C,M,過去成經驗，不可改。#建構新未來，在你心。,C,L,.
2017,1,2,門徒稱為基督徒、#是從安提阿起首。,使徒行傳11章26節,S,C,M,「基督徒」不是自稱的，#是使别人「看見」的基督徒。,C,L,.
2017,1,3,你若行得好、豈不蒙悅納、#你若行得不好、罪就伏在門前,創世記4章7節,S,C,M,猜一猜:#天機不可洩露。（猜聖經人物，明天揭曉）,C,L,.
2017,1,4,凡聽見我這話就去行的、#好比一個聰明人、#把房子蓋在磐石上。,馬太福音7章24節,S,C,M,金錢、健康、權力也可變，#唯主耶穌的話不變。,C,L,(猜一猜:該隱)
2017,1,5,凡自高的必降為卑、#自卑的必升為高。,馬太福音23章12節,S,C,M,嗜甜對身體健康有影響，#苦口也可是良藥。,C,L,.
2017,1,6,信心經過試驗、#就生忍耐,雅各書1章3節,S,C,M,感謝上帝沒有把我造成一個靈巧#的工匠。我的那些最重要的發現#是受到失敗的啟發而獲得的。,C,L,大衛
2017,1,7,求你開我的眼睛、#使我看出你律法中的奇妙。,詩篇119章18節,S,C,M,護眼可多吃含維他命Ａ、Ｃ、Ｅ之#蔬菜及水果，少吃油炸食物。,C,L,.
2017,1,8,人有見識就不輕易發怒，#寬恕人的過失便是自己的榮耀。,箴言19章11節,S,C,M,面對發怒，可先問「為什麼？」，#再問「神要你學習什麼？」。,C,L,.
2017,1,9,地和其中所充滿的，世界和#住在其中的，都屬耶和華。,詩篇24章1節,S,C,M,耶和華令我們管理大地，#愛護環境是我們的「責任」。,C,L,.
2017,1,10,污穢的言語、一句不可出口、#只要隨事說造就人的好話、#叫聽見的人得益處。,以弗所書4章29節,S,C,M,動腦筋：#很難找到丈夫的水中生物是什麼?,C,L,.
2017,1,11,你們或吃或喝，無論做甚麼，#都要為榮耀神而做。,哥林多前書10章31節,S,C,M,或吃或喝如何榮耀神? #可讚美、順服和愛神。#作良好的見證。,C,L,(動腦筋:沒有水公的「水母」)
2017,1,12,總要用愛心互相服侍。,加拉太書5章13節,S,C,M,醫院裡，你可發現三類服侍--#沒有服侍、無愛心的服侍和#有愛心的服侍。,C,L,.
2017,1,13,若一家自相分爭，#那家就站立不住。,馬可福音3章25節,S,C,M,健康的家庭支持#你面對外來的挑戰。,C,L,.
2017,1,14,我看重他口中的言語，#過於我需用的飲食。,約伯記23章12節,S,C,M,工作態度比工作能力更重要。,C,L,.
2017,1,15,開通他們的耳朵、將當受#的教訓印在他們心上 ,約伯記33章16節,S,C,M,聽到不代表明白。#求主開通我的耳朵。,C,L,.
2017,1,16,向山舉目,詩篇121章1節,S,C,M,我的幫助從造天地的耶和華而來。,C,L,詩121:2
2017,1,17,起初速得的產業、#終久卻不為福。,箴言20章21節,S,C,M,賭博令人喪失工作熱誠，#然後破壞人的正常生活。,C,L,.
2017,1,18,被浪搖撼,馬太福音14章24節,S,C,M,小信的人哪、為甚麼疑惑呢?,C,L,太14:31
2017,1,19,你的財寶在那裡，#你的心也在那裡。,馬太福音6章21節,S,C,M,小孩的玩具，青年的愛侶，#老年的健康，都是他們的財寶，#唯有耶和華的愛是永恆的。,C,L,.
2017,1,20,遇亨通的日子，你當喜樂；#遭患難的日子，你當思想。,傳道書7章14節,S,C,M,試煉與成功是並列的。,C,L,.
2017,1,21,不要怕，只要信！,馬可福音5章36節,S,C,M,也許你會害怕面對一些人或事。#但神與你同在，沒有什麼可怕的。,C,L,.
2017,1,22,凡有弟兄不按規矩而行，#不遵守從我們所受的教訓，#就當遠離他。,帖撒羅尼迦後書3章6節,S,C,M,不要高估自己的能力，#應遠離不當的事情。,C,L,.
2017,1,23,你們要以感謝為祭獻與神．#又要向至高者還你的願．,詩篇50章14節,S,C,M,「歡欣，心裡感謝神；#歌唱，歸於聖父...」,C,L,美樂頌
2017,1,24,健康的人用不著醫生，#有病的人才用得著。#我來本不是召義人，#乃是召罪人。,馬可福音2章17節,S,C,M,有方向不需帶領，#有能力不需教導。,C,L,.
2017,1,25,我們相愛，不要只在言#語和舌頭上，總要以行#為和真誠上表現出來。,約翰一書3章18節,S,C,M,愛是名詞，也是動詞。,C,L,.
2017,1,26,人點燈，不放在斗底下，#是放在燈臺上，#就照亮一家的人。,馬太福音5章15節,S,C,M,不一樣的生命、人生及價值觀#是要讓別人看見的。,C,L,.
2017,1,27,神的兒子若使你們自由，#你們就真正自由了。,約翰福音8章36節,S,C,M,心靈得自由釋放，#外在的綑綁就不能再轄制我們了。,C,L,.
2017,1,28,正月初一日、#你要立起帳幕．,出埃及記40章2節,S,C,M,讓耶和華進入你心。,C,L,.
2017,1,29,我們不喪膽．外體雖然毀壞、#內心卻一天新似一天。,哥林多後書4章16節,S,C,M,內心與身體是可以反方向成長的。#堅強的意志也可反勝健全的身體。,C,L,.
2017,1,30,你藉著我，日子必增多，#年歲也必加添。,箴言9章11節,S,C,M,笑話一則：#老師：「每天聽英文，聽久了自然懂。」#學生：「我每天聽貓叫，聽久了也不懂。」#老師：「……。」,C,L,.
2017,1,31,有一件事我要責備你、就是#你把起初的愛心離棄了。,啟示錄2章4節,S,C,M,沒有愛心的、仍住在死中。,C,L,約翰一書3章14節
2017,2,1,大山可以挪開、#小山可以遷移．#但我的慈愛必不離開你...,以賽亞書54章10節,S,C,M,山會改變，時代會變遷，#但愛是不會因外在的變遷而改變。,C,L,.
2017,2,2,我們有這指望如同靈魂的錨、#又堅固又牢靠。,希伯來書6章19節,S,C,M,船錨靠重量與抓力以穩定船體#不受水流與風向影響而漂流。#你的錨靠什麼？,C,L,.
2017,2,3,神的旨意就是要你們#成為聖潔、遠避淫行．,帖撒羅尼迦前書4章3節,S,C,M,有很多人在戰場上為國家犧牲，#又有多少基督徒為神的旨意犧牲？,C,L,.
2017,2,4,凡事謝恩．#因為這是神在基督耶穌#裡向你們所定的旨意。,帖撒羅尼迦前書5章18節,S,C,M,有很多人在奥運場上為國家擺上，#又有多少基督徒為神的旨意擺上？,C,L,.
2017,2,5,你們必曉得真理、#真理必叫你們得以自由。,約翰福音8章32節,S,C,M,笑話一則：#法官對犯人說：「你為何印假鈔?」#犯人回答：「我不懂印真鈔。」 ,C,L,（請認識真理）
2017,2,6,為甚麼看見你弟兄眼中有刺、#卻不想自己眼中有梁木呢。,馬太福音7章3節,S,C,M,看見不等於看清。,C,L,.
2017,2,7,這些事門徒一樣也不懂得、#意思乃是隱藏的、#他們不曉得所說的是甚麼。,路加福音18章34節,S,C,M,看清不等於看懂。,C,L,.
2017,2,8,耶穌開他們的心竅、#使他們能明白聖經．,路加福音24章45節,S,C,M,看懂不等於看明。,C,L,(求主開我的心竅、使我能明白聖經)
2017,2,9,死蒼蠅、使作香的膏油發#出臭氣．這樣、一點愚昧#、也能敗壞智慧和尊榮。,傳道書10章1節,S,C,M,放有幾滴薰衣草油的海#綿在室內，可趕走蒼蠅。,C,L,.
2017,2,10,不要自以為有智慧；#要敬畏耶和華，遠離惡事。,箴言3章7節,S,C,M,一切皆由耶和華掌控。#自以為有智慧，卻是偏行己路。,C,L,.
2017,2,11,你務要至死忠心、我就#賜給你那生命的冠冕。,啟示錄2章10節,S,C,M,不要受魔鬼的誘惑，務要忠#心; 更要遠離魔鬼，不要測#試自己抗拒誘惑的能力。,C,L,.
2017,2,12,我們相愛，不要只在言語#或舌頭上，總要以行為和#真誠表現出來。,約翰一書3章18節,S,C,M,喜歡的出發點是自己，#愛的出發點是對方。,C,L,.
2017,2,13,基督釋放了我們，#為使我們得自由。,加拉太書5章1節,S,C,M,必須學懂控制，#才享有自由。,C,L,.
2017,2,14,良言如同蜂巢，#使心甘甜，使骨得醫治。,箴言16章24節,S,C,M,有些事情，不談是結，一談是疤。,C,L,.
2017,2,15,你們的話，是，就說是；#不是，就說不是。#若再多說，就是出於那惡者。,馬太福音5章37節,S,C,M,人們是看你做什麼，不是聽什麼。#多說不等於多做。,C,L,.
2017,2,16,因我們行事為人是憑著信心，#不是憑著眼見。,哥林多後書5章7節,S,C,M,一個有信心與沒有信心#的行為是可分辨的。,C,L,.
2017,2,17,你們要謹慎．若是你的#弟兄得罪你、就勸戒他．#他若懊悔、就饒恕他。,路加福音17章3節,S,C,M,出現問題時不要忙著追究責任，#糾正及防止問題再發生更重要。,C,L,.
2017,2,18,你們將認識真理，#真理會使你們自由。,約翰福音8章32節,S,C,M,自由的生活，不是放肆的生活。,C,L,.
2017,2,19,人的高傲使自己蒙羞；#心裏謙遜的，必得尊榮。,箴言29章23節,S,C,M,動腦筋：#剛買的襪子為什麼會有一個洞？,C,L,.
2017,2,20,這世界、和其上的情慾、#都要過去．惟獨遵行神旨#意的、是永遠常存。,約翰一書2章17節,S,C,M,竭力遵行神的旨意。#得享永遠的福樂。,C,L,動腦筋: 沒有洞怎麼穿進去
2017,2,21,你當悔改,啟示錄2章16節,S,C,M,人若說我認識他、#卻不遵守他的誡命、#便是說謊話的。,C,L,.
2017,2,22,你們那一個能用思慮、#使壽數多加一刻呢。,馬太福音6章27節,S,C,M,死亡未必能預期，也未必躲得過；#悔過歸主得永生，#是主應許的，你們求便得着。,C,L,.
2017,2,23,耳朵豈不試驗言語、#正如上膛嘗食物麼。,約伯記12章11節,S,C,M,不要倚恃你的學問、才智。#請虛心細聽。,C,L,.
2017,2,24,疲乏的、他賜能力．#軟弱的、他加力量．,以賽亞書40章29節,S,C,M,卧床的病人藉神的力量#是不疲乏、是不軟弱的。,C,L,.
2017,2,25,我、和我家、#我們必定事奉耶和華。,約書亞記24章15節,S,C,M,白鶴芋、吊蘭等植物能減低#室內的空氣污染物質。,C,L,.
2017,2,26,最要緊的是彼此切實相愛，#因為愛能遮掩許多的罪。,彼得前書4章8節,S,C,M,有這情況嗎？#對不熟悉的人有禮，#對親密的人苛刻。,C,L,.
2017,2,27,有一件事我要責備你、就#是你容讓那自稱是先知的#婦人耶洗別教導我的僕人 ,啟示錄2章20節,S,C,M,容讓壞事發生是會被責備的。,C,L,.
2017,2,28,天國是努力進入的、#努力的人就得著了。,馬太福音11章12節,S,C,M,一代拳王比利並非在賽#場上誕生，只不過是那#裡受到公開的肯定。,C,L,.
2017,3,1,豔麗是虛假的．#美容是虛浮的．#惟敬畏耶和華的婦女、#必得稱讚。,箴言31章30節,S,C,M,笑話一則：#女問男：“我瘋了，你還會愛我嗎？”#男答：“愛！”#女憂愁地說：“你只愛我的外表！ ”,C,L,.
2017,3,2,應當一無掛慮，只要凡事#藉着禱告、祈求和感謝，#將你們所要的告訴上帝。,腓立比書4章6節,S,C,M,憂慮是對事情沒有幫助的。,C,L,.
2017,3,3,耶穌說、父阿、赦免他們．#因為他們所作的、#他們不曉得。,路加福音23章34節,S,C,M,當受了傷害，不用難過，#他們不曉得，神卻知道的。#伸冤在神。,C,L,.
2017,3,4,主所應許我們的就是永生。,約翰一書2章25節,S,C,M,大盆地刺果松是目前世界上#已知壽命最長的生物之一，#壽命可達千年。,C,L,.
2017,3,5,要回想你是怎樣領受、#怎樣聽見的．又要遵守、#並要悔改。,啟示錄3章3節,S,C,M,明知某些食物不健康，#仍舊愛吃，這是任性嗎？,C,L,.
2017,3,6,五旬節到了、#門徒都聚集在一處。,使徒行傳2章1節,S,C,M,五旬節，即聖靈降臨日，是#從初熟節開始算起的第50#天（第七個安息日的次日）,C,L,（利23:10-11;15-17）
2017,3,7,不可按外貌斷定是非、#總要按公平斷定是非。,約翰福音7章24節,S,C,M,動腦筋：#7個橙分給11個小朋友，怎麼分才公平?,C,L,.
2017,3,8,你們作主人的、要公公#平平的待僕人、因為知道#你們也有一位主在天上。,歌羅西書4章1節,S,C,M,良好社會始於互相尊重，#理解及信任。,C,L,(動腦筋:榨成橙汁)
2017,3,9,無論作什麼事，#都要從心裡作，#像是給主作的，#不是給人作的。,歌羅西書3章23節,S,C,M,認識真正的主人，#衪的安排，必有其美意。,C,L,.
2017,3,10,「凡事都可行」，#但不都有益處；#「凡事都可行」，#但不都造就人。,哥林多前書10章23節,S,C,M,有益處，做就人，行吧！,C,L,.
2017,3,11,我拿什麼報答耶和華#向我所賜的一切厚恩？,詩篇116章12節,S,C,M,與耶和華有緊密的連繫，#自然知道怎樣做。,C,L,.
2017,3,12,繫在你指頭上，#刻在你心版上。,箴言7章3節,S,C,M,繫在你指頭上，#刻在你心版上，#種在你靈命上。,C,L,.
2017,3,13,誰能使我們與#基督的愛隔絕呢？,羅馬書8章35節,S,C,M,難道是患難麼、是困苦麼、#是逼迫麼、是飢餓麼、#是赤身露體麼、是危險麼、是刀劍麼。,C,L,羅馬書8章35節
2017,3,14,凡你手所當做的事#要盡力去作,傳道書9章10節,S,C,M,有些事情我們不願意做，有些我們#願意做，但更有些我們不願意也要#做，因是神的旨意，我們要榮耀神。,C,L,.
2017,3,15,務要傳道，#無論得時不得時,提摩太後書4章2節,S,C,M,放膽傳福山吧，其餘的，#神會安排。,C,L,.
2017,3,16,總要勞力、#親手作正經事、#就可有餘、#分給那缺少的人。,以弗所書4章28節,S,C,M,勤勞工作必有得，#賭博人生注定失。,C,L,.
2017,3,17,我是好牧人；#好牧人為羊捨命。,約翰福音10章11節,S,C,M,作為團隊的好領導，#應為團隊捨棄利益。,C,L,.
2017,3,18,設筵滿屋，大家相爭，#不如有塊乾餅，大家相安。,箴言17章1節,S,C,M,可以共患難，因沒有什麼可爭；#不能共富貴，因擁有太多可奪。,C,L,.
2017,3,19,惟有主站在我旁邊，#加給我力量,提摩太後書4章17節,S,C,M,求主加力量，人不能，主能。,C,L,.
2017,3,20,聖靈所結的果子、就是#仁愛、喜樂、和平、#忍耐、恩慈、良善、#信實、溫柔、節制 ,加拉太書5章22節,S,C,M,神願你來陶造我，#使我在靈裡果子更多...,C,L,(摘自：陶造我生命）
2017,3,21,草必枯乾、花必凋殘、#惟有我們神的話、#必永遠立定。,以賽亞書40章8節,S,C,M,鮮花能否延遲凋謝與它的品質、#水份和營養很有關係。但無論如#何，生命總有總結時。,C,L,.
2017,3,22,船被風抓住、#敵不住風、#我們就任風颳去。,使徒行傳27章15節,S,C,M,船的力量在帆槳，#人的力量在理想。,C,L,.
2017,3,23,我們曉得萬事都互相效力，#叫愛神的人得益處，#就是按他旨意被召的人。,羅馬書8章28節,S,C,M,「萬事」可以是疾病困難中，#出現你身邊的天使。#讓你知道神無時無刻的看顧。,C,L,.
2017,3,24,你們要休息，#要知道我是神！,詩篇46章10節,S,C,M,緊迫的生活使我們遠離神。,C,L,.
2017,3,25,你要敬畏耶和華你的神、#事奉他、專靠他、#也要指著他的名起誓。,申命記10章20節,S,C,M,事奉他，不忘專靠他。#任何的事奉，也必須與神同行。#聽祂旨意。,C,L,.
2017,3,26,在指望中要喜樂,羅馬書12章12節,S,C,M,恆切禱告、一切有天父安排。,C,L,.
2017,3,27,在患難中要忍耐,羅馬書12章12節,S,C,M,恆切禱告、一切有天父安排。,C,L,.
2017,3,28,禱告要恆切,羅馬書12章12節,S,C,M,恆切禱告、這是一種操練。,C,L,.
2017,3,29,眼睛就是身上的燈．#你的眼睛若瞭亮、#全身就光明。,馬太福音6章22節,S,C,M,時常使用3C產品可多吃護#眼營養素的食物如玉米、葡#萄、紅蘿蔔、菠菜等蔬果。,C,L,.
2017,3,30,認識你獨一的真神、並且#認識你所差來的耶穌#基督、這就是永生。,約翰福音17章3節,S,C,M,追求認識至高創造神和#祂差來的耶穌基督的救贖#是基督徒一生的追求。,C,L,.
2017,3,31,你們往普天下去、#傳福音給萬民聽。,馬可福音16章15節,S,C,M,傳福音是每位基督徒的使命。,C,L,.
2017,4,1,設筵滿屋、大家相爭、#不如有塊乾餅、大家相安。,箴言17章1節,S,C,M,共渡艱難比能共享富貴#的朋友更值得珍惜。,C,L,.
2017,4,2,我們日用的飲食、#天天賜給我們。,路加福音11章3節,S,C,M,全球約有八億人口沒有足夠#糧食。每天與飢餓有關之死#亡人數約為21,000人。,C,L,(世界糧食計劃署)
2017,4,3,憐憫貧窮的、#就是借給耶和華．#他的善行、#耶和華必償還。,箴言19章17節,S,C,M,施比受更有福。,C,L,.
2017,4,4,義人的記念被稱讚,箴言10章7節,S,C,M,清明節掃墓可獻花紀念#去世之親友、牧者、信徒，#以表追思紀念。,C,L,.
2017,4,5,我也不定你的罪，去吧！#從此不要再犯罪了。,約翰福音8章11節,S,C,M,指出别人的錯誤容易；#接納别人的錯誤困難；#感謝主耶穌赦免我們的罪。,C,L,.
2017,4,6,年老的時候仍要結果子,詩篇92章14節,S,C,M,君子不可以不修身。 ,C,L,作者:子思
2017,4,7,貪愛銀子的、#不因得銀子知足．#貪愛豐富的、#也不因得利益知足,傳道書5章10節,S,C,M,手中擁有的，已比沒有擁有的好。#仍要計較?,C,L,.
2017,4,8,你不要心裡急躁惱怒、#因為惱怒存在#愚昧人的懷中。,傳道書7章9節,S,C,M,心裡急躁惱怒時，多問為何。#為何惱怒？為何惱怒？#為何神要我們有此經歷？,C,L,.
2017,4,9,至於我和我家，#我們必定事奉耶和華。,約書亞記24章15節,S,C,M,我們應當盡我們所能，#把美好的福音傳開。,C,L,.
2017,4,10,義人多有苦難．#但耶和華救他脫離這一切,詩篇34章19節,S,C,M,神不會免去我們的苦難，#乃是拯救我們，#脫離一切苦難。,C,L,.
2017,4,11,神所賜出人意外的平安，#必在基督耶穌裡，#保守你們的心懷意念。,腓立比書4章7節,S,C,M,做決定時，與神相交、#內心平安，是其中重點要素。,C,L,.
2017,4,12,為甚麼膽怯．#你們還沒有信心麼。,馬可福音4章40節,S,C,M,信心不會在可能的領域內操作。人力#辦得到之處是無上帝的榮耀可言的。,C,L,George Mueller
2017,4,13,若有人在耶穌裡，#他就是新造的人，#舊事已過，#都變成新的了。,哥林多後書5章17節,S,C,M,棄絕舊事，迎接主耶穌進入你心，#才可得到新的豐盛生命。,C,L,.
2017,4,14,我只有一件事，#就是忘記背後，#努力面前的，#向著標杆直跑,腓立比書3章13節,S,C,M,當一個人找到更有意義、更美、#更好、更有價值的人生方向，#一切惡習將會離去。,C,L,.
2017,4,15,你們若有信心像一粒芥菜種#、就是對這座山說、你從這#邊挪到那邊、他也必挪去．,馬太福音17章20節,S,C,M,芥菜的種子是很小的，#但長大後可變成樹。#不要看外表，要看本質。,C,L,.
2017,4,16,耶和華阿、你是我的燈．#耶和華必照明我的黑暗。,撒母耳記下22章29節,S,C,M,黑暗中使用手機，#特別傷害眼睛。,C,L,.
2017,4,17,想要發財的人，就陷在#迷惑、落在網羅和許多#無知有害的私慾裡，叫#人沉在敗壞和滅亡中。,提摩太前書6章9節,S,C,M,沒錢的時候，假裝有錢；#有錢的時候，假裝沒錢。,C,L,.
2017,4,18,你們知道分辨天上的氣色、#倒不能分辨這時候的神蹟。,馬太福音16章3節,S,C,M,神蹟每天都在發生。,C,L,.
2017,4,19,你們行善不可喪志。,帖撒羅尼迦後書3章13節,S,C,M,行善不要做給人看，#是為主而做。,C,L,.
2017,4,20,感謝神，#因他有說不盡的恩賜！,哥林多後書9章15節,S,C,M,每天醒來時，也禁不住感謝神賜予生命。,C,L,.
2017,4,21,二人若不同心、#豈能同行呢。,阿摩司書3章3節,S,C,M,同心、同行是彼此一起尋求神的#旨意而遵行。不尋求神的旨意，#將引致二人一起犯錯。,C,L,.
2017,4,22,神看著一切所造的都甚好。,創世記1章31節,S,C,M,每年的4月22日是世界地球日。#但幾乎每秒鐘地球正受破壞。#請保護地球。,C,L,.
2017,4,23,差遣我醫好傷心的人,以賽亞書61章1節,S,C,M,與傷心的人同行，#首要是明白傷心人的感受。,C,L,.
2017,4,24,願平安康泰歸與遠處的人，#也歸與近處的人；#並且我要醫治他。,以賽亞書57章19節,S,C,M,人與人之間，是遠是近，不因科技，乃在乎心。,C,L,.
2017,4,25,雨淋、水沖、風吹、撞#著那房子、房子總不倒#塌．因為根基立在磐石上。,馬太福音7章25節,S,C,M,颱風到，大家都想躲到根基穩固的地方。#人生遭遇患難時，主耶穌是你的避難所。#衪永不離棄衪的信徒。,C,L,.
2017,4,26,貪財是萬惡之根。,提摩太前書6章10節,S,C,M,人在贏錢後大腦所受到的#刺激，跟吸食可卡因所受到的#刺激十分相似。,C,L,漢斯·布賴特醫生
2017,4,27,你母親老了，#也不可藐視他。,箴言23章22節,S,C,M,長大後，自以為懂得很多東#西，父母渡日得來的經驗永#遠比我們多。,C,L,.
2017,4,28,在人這是不能的．#在神凡事都能。,馬太福音19章26節,S,C,M,笑話一則：#為了彰顯公司的超級「能力」，小強#將新公司取名「能力」，但取營#業執照時傻眼了－「能力有限公司」。,C,L,.
2017,4,29,耶和華啊，#求你醫治我，我便痊癒,耶利米書17章14節,S,C,M,人不能，神卻能。,C,L,.
2017,4,30,有晚上，有早晨,創世記1章23節,S,C,M,先有黑暗，再有光明，全因有神。,C,L,.
2017,5,1,你們要彼此相愛、#像我愛你們一樣、#這就是我的命令。,約翰福音15章12節,S,C,M,墨子在「兼愛」中寫道：#「天下兼相愛則治，交相惡則亂」。#亂是由不相愛而起。,C,L,.
2017,5,2,從他豐滿的恩典裡我們都#領受了、而且恩上加恩。,約翰福音1章16節,S,C,M,既然恩典滿溢，應把滿#溢的恩典傳給別人吧 !,C,L,.
2017,5,3,我的殿必稱為禱告的殿。,馬太福音21章13節,S,C,M,耶穌發怒非同小可，#不要明知故犯。,C,L,.
2017,5,4,你們親近神，#神就必親近你們。,雅各書4章8節,S,C,M,越親近神，越了解神。#這樣愈能夠遵行衪的旨意，#愈能夠信靠祂。,C,L,.
2017,5,5,敬畏耶和華是#智慧的開端；認識至聖者#便是聰明。,箴言9章10節,S,C,M,每次自歎為何做了愚昧事情#時，倒不如堅決存敬畏耶和#華的心，親近神。,C,L,.
2017,5,6,喜樂的心、乃是良藥．#憂傷的靈、使骨枯乾。,箴言17章22節,S,C,M,身、心、靈是互相影響的。喜樂#令頭腦、心臟及神經處於舒適，#平衡的狀態，自然是良藥。,C,L,.
2017,5,7,凡勞苦擔重擔的人#可以到我這裡來，我就#使你們得安息。,馬太福音11章28節,S,C,M,「安息」在希臘原文中有「定居」之#意思。晚上睡覺前作禱告，把重擔交#給神，便能帶著平安入睡。,C,L,.
2017,5,8,我心裡柔和謙卑，#你們當負我的軛，#學我的樣式；這樣，#你們心裡就必得享安息。,馬太福音11章29節,S,C,M,以人之長補己短，#以人之厚補己薄。,C,L,劉向
2017,5,9,何必為衣裳憂慮呢？,馬太福音6章28節,S,C,M,亞明擁有一條牛仔褲，#每天外出時都不煩惱；#亞文有十多條牛仔褲，#每天選擇穿哪條褲都覺煩惱。,C,L,.
2017,5,10,應當一無掛慮，只要凡事#藉著禱告、祈求，和感謝，#將你們所要的告訴神。,腓立比書4章6節,S,C,M,笑話一則：#窮人寫信向上帝求賜他一千元。郵差看到信後覺#得他很可憐，便自掏腰包寄了五百元給他。窮人#回信：「上帝呀！收到了，但郵差的佣金很貴！」,C,L,.
2017,5,11,忘記背後，#努力面前的，#向著標竿直跑。,腓立比書3章13節,S,C,M,忘記背後不忘經驗，#努力面前不忘方向，#立標竿不忘主的道。,C,L,.
2017,5,12,你們祈求，就給你們；#尋找，就尋見；#叩門，就給你們開門。,馬太福音7章7節,S,C,M,我們不斷祈求，上帝不一定#給我們所求，但一定給我#們最好的。,C,L,.
2017,5,13,我是世界的光。跟從#我的，就不在黑暗裡走，必#要得著生命的光。,約翰福音8章12節,S,C,M,無疑大部分人都不會喜歡黑暗；#但我們不只要嚮往陽光明媚#更要追求生命的光。,C,L,.
2017,5,14,我的恩典夠你用的，#因為我的能力是在人#的軟弱上顯得完全。,哥林多後書12章9節,S,C,M,要知道自己的不足，#便知神的恩典充充足足。,C,L,.
2017,5,15,疲乏的，他賜能力；#軟弱的，他加力量。,以賽亞書40章29節,S,C,M,神會賜你「能力」去應付問題，#而不是「刪除」你的問題。,C,L,.
2017,5,16,你們不要憂愁，#因靠耶和華而得的#喜樂是你們的力量。,尼希米記8章10節,S,C,M,認識活得不快樂的基督徒嗎？#他們以為已認識神，#但沒有真正體驗神的愛。,C,L,.
2017,5,17,萬軍之耶和華說、#不是倚靠勢力、#不是倚靠才能、#乃是倚靠我的靈、方能成事。,撒迦利亞書4章6節,S,C,M,不要自以為是，總是用「我覺得...」#作回應；請釐清事實，若出錯了，便#大方承認。,C,L,.
2017,5,18,神是我們的避難所，#是我們的力量，#是我們在患難中隨時的幫助。,詩篇46章1節,S,C,M,剛愎自用，倒不如虛懷若谷，#聆聽聖靈的指示。,C,L,.
2017,5,19,西門說、夫子、我們整夜勞#力、並沒有打著甚麼．但依#從你的話、我就下網。,路加福音5章5節,S,C,M,擁有專業知識(像西門漁夫)，#可以作的努力也付出了，#我們就是要聽從主的話，#神蹟便發生。,C,L,.
2017,5,20,你們要恆切禱告、#在此儆醒感恩．,歌羅西書4章2節,S,C,M,帶著感恩的心去工作，工作自然會#順利。不是因工作順利，才感恩。,C,L,.
2017,5,21,願你們在一切屬靈#的智慧悟性上、滿#心知道神的旨意．,歌羅西書1章9節,S,C,M,知之為知之，不知為不知，是知也。,C,L,孔子
2017,5,22,若為作基督徒受苦，#卻不要羞恥，#倒要因這名歸榮耀給神。,彼得前書4章16節,S,C,M,生活平靜安隱，沒有什麼祈求神#，就如安於坐在觀眾席，不參與#賽事。魔鬼高興極了。,C,L,.
2017,5,23,你們是重價買來的．#不要作人的奴僕。,哥林多前書7章23節,S,C,M,你是工作的奴僕，#還是為要更多物質滿足，#變為它的奴僕。,C,L,.
2017,5,24,心中喜樂、面帶笑容．#心裡憂愁、靈被損傷。,箴言15章13節,S,C,M,快樂是可以傳播的，#可以用行動去獲得的，#你絶對可選擇它的，#它不是一種被動的感覺。,C,L,.
2017,5,25,你們中間的爭戰鬥毆、是從#那裡來的呢．不是從你們百#體中戰鬥之私慾來的麼。,雅各書4章1節,S,C,M,若被不知名昆蟲叮咬，專家#建議患者先冰敷再盡快求醫。,C,L,.
2017,5,26,我所禱告的、就是要你們#的愛心、在知識和各#樣見識上、多而又多．,腓立比書1章9節,S,C,M,苦思如何做得更好，#倒不如問一問服務使用者。,C,L,.
2017,5,27,你不要害怕，因為我與你同在；#不要驚惶，因為我是你的神。#我必堅固你，我必幫助你；#我必用我公義的右手扶持你。,以賽亞書41章10節,S,C,M,笑話一則：小明告訴媽媽：「外面老伯好可鄰，#不停叫，我們幫助他，給他十元吧！」媽回答：#「小明真好，拿十元吧！但是老伯叫什麼？是否#身體不適？」小明答：「他叫十元一杯雪糕！」,C,L,.
2017,5,28,我還有末了的話、#你們要靠著主、#倚賴他的大能大力、#作剛強的人。,以弗所書6章10節,S,C,M,靠主剛強，靠主得剛強，#做剛強的勇士因主必引領。,C,L,世紀頌讚
2017,5,29,若有人自以為虔誠、卻不勒#住他的舌頭、反欺哄自己的#心、這人的虔誠是虛的。,雅各書1章26節,S,C,M,不要講一套，做另一套。,C,L,.
2017,5,30,神叫死人復活、你們為#甚麼看作不可信的呢。,使徒行傳26章8節,S,C,M,白色象徵神聖與純潔，而復活節#的日子，正好處於春天百合花盛#開的時候。所以百合花被當做是#耶穌復活的象徵。,C,L,.
2017,5,31,人若不知道管理自己的#家、焉能照管神的教會呢。,提摩太前書3章5節,S,C,M,管理一個家庭的麻煩，#並不少於治理一個國家。,C,L,蒙泰格尼
2017,6,1,你們願意人怎樣待你們，#你們也要怎樣待人。,路加福音6章31節,S,C,M,你不能時常完成完美的工作，#但可以時常使服務對象感覺良好。,C,L,.
2017,6,2,不要害怕，#因我與你同在,以賽亞書43章5節,S,C,M,不再孤獨，與神獨處時能以更廣闊#的角度來感受自己，並對自己#有更深的認識。,C,L,.
2017,6,3,你在患難之日若膽怯，#你的力量就微小。,箴言24章10節,S,C,M,因力量小而膽怯，#還是因膽怯而力量小?,C,L,.
2017,6,4,應當回想你是從那裡墜落的、#並要悔改、行起初所行的事．,啟示錄2章5節,S,C,M,日子久了，擔子也越來越沉重。#這時正好回想本子，也不要忘記初衷。,C,L,.
2017,6,5,殷勤不可懶惰。#要心裡火熱，常常服事主。,羅馬書12章11節,S,C,M,經驗需要累積，關係也需要累積，#要刻意經營。,C,L,.
2017,6,6,明哲的未必得資財；靈巧的#未必得喜悅。所臨到眾人的#是在乎當時的機會。,傳道書9章11節,S,C,M,有四樣東西一去不復返：#出口之言，射出之箭，#過去的時間，錯過的機會,C,L,.
2017,6,7,神能照著運行在我們心裡的#大力充充足足的成就一切，#超過我們所求所想的。,以弗所書3章20節,S,C,M,如果有人祈求耐心，#你認為上帝只是給他耐心，#還是給他「機會」學會耐心？,C,L,電影 Evan Almighty 對白
2017,6,8,少有財寶，#敬畏耶和華，#強如多有財寶，#煩亂不安。,箴言15章16節,S,C,M,因擁有而產生的煩亂不安，#是得還是失？,C,L,.
2017,6,9,他醫好傷心的人，#裹好他們的傷處。,詩篇147章3節,S,C,M,無論曾經虧負人，或曾因別人背棄#承諾而心痛。在主裡面是可得到醫#治，重拾希望，擁有新生命。,C,L,.
2017,6,10,我的眼多多流淚，總不止息，#直等耶和華垂顧，#從天觀看。,耶利米哀歌3章49節,S,C,M,眼淚中含有鹽酸，流淚多對皮膚不好；#哭泣時，眼睛周圍的微血管會充血，#同時小肌肉爲保護眼睛而收縮，#常哭對眼睛有一定傷害,C,L,.
2017,6,11,你不可輕看主的管教，#被他責備的時候也不可灰心；#因為主所愛的，他必管教，#又鞭打凡所收納的兒子。,希伯來書12章5節,S,C,M,管教是出於愛。,C,L,.
2017,6,12,我們行善、不可喪志．#若不灰心、到了時候、#就要收成。,加拉太書6章9節,S,C,M,灰心時可禱告求神賜下異象，使我們#看見基督的工作所結的果子，好使我#們從新得力，向每個人分享神的良善。,C,L,.
2017,6,13,心中安靜是肉體的生命,箴言14章30節,S,C,M,靜中得力,C,L,以賽亞書30:15
2017,6,14,不要為那必壞的食物勞力，#要為那存到永生的食物勞力,約翰福音6章27節,S,C,M,不會變壞的食物:#優質蜂蜜的糖佔總量的3/4以上，#水分含量少，細菌和酵母菌都不能#在蜂蜜中存活。,C,L,.
2017,6,15,求你將精明和知識賜給我，#因我信了你的命令。,詩篇119章66節,S,C,M,冷知識:#阿拉伯數字不是從阿拉伯發明。#是由古代印度人發明，#後經由阿拉伯傳入西方。,C,L,.
2017,6,16,不要在別人的罪上有分，#要保守自己清潔。,提摩太前書5章22節,S,C,M,小知識:#在垃圾筒灑蘇打粉可以去除臭味。 ,C,L,.
2017,6,17,神叫孤獨的有家，#使被囚的出來享福,詩篇68章6節,S,C,M,不知道艱苦的人，#就沒有真正的幸福生活。 ,C,L,諺語
2017,6,18,我倚靠神，#必不懼怕。,詩篇56章11節,S,C,M,上帝降世為人，#使人坦然無懼地親近祂。,C,L,靈命日糧
2017,6,19,我雖跌倒，卻要起來；#我雖坐在黑暗裡，#耶和華卻作我的光。,彌迦書7章8節,S,C,M,不要害怕"跌倒"，要學像小孩，#在那裡跌倒，便在那裡爬起來。,C,L,.
2017,6,20,學習行善，尋求公平，#解救受欺壓的；#給孤兒伸冤，為寡婦辨屈。,以賽亞書1章17節,S,C,M,三人行必有我師焉，#擇其善而從之，#其不善而改之。,C,L,孔子
2017,6,21,人的腳步為耶和華所定；#人豈能明白自己的路呢？,箴言20章24節,S,C,M,人既不能明白自己的路，#因此要倚靠耶和華指引。,C,L,.
2017,6,22,殷勤籌劃的，足致豐裕；#行事急躁的，都必缺乏。,箴言21章5節,S,C,M,籌劃工作方向，可讓同路人，#同心同行，努力完成工作。,C,L,.
2017,6,23,誰敬畏耶和華，耶和華#必指示他當選擇的道路。,詩篇25章12節,S,C,M,面對抉擇時，不用心懷兩意，#依靠神，聆聽神，必得指引。,C,L,.
2017,6,24,我們若盼望那所不見的，#就必忍耐等候,羅馬書8章25節,S,C,M,盼望不是若得若失，盲目的樂觀。#盼望是一種堅定又強烈的期待，#確信上帝必會實現聖經裏說過的話。,C,L,.
2017,6,25,現在你為什麼耽延呢？#起來，求告他的名受洗，#洗去你的罪。,使徒行傳22章16節,S,C,M,神已揀選了你，#要賜你新生命，#請你認真思考並作出回應。,C,L,.
2017,6,26,人被試探，不可說：我是被神#試探；因為神不能被惡試探，#他也不試探人。,雅各書1章13節,S,C,M,各人被試探，乃是被自#己的私慾牽引誘惑的。,C,L,雅各書1章14節
2017,6,27,去的時候、必帶著#基督豐盛的恩典而去。,羅馬書15章29節,S,C,M,人生原本就聚散無常，#請珍惜最美好的片段，#帶著基督豐盛的恩典而去。,C,L,.
2017,6,28,凡祈求的、就得著．#尋找的、就尋見．#叩門的、就給他開門。,馬太福音7章8節,S,C,M,面對抉擇時，做榮耀神的抉擇。,C,L,.
2017,6,29,不要驚恐，也不要怕他們。#在你們前面行的耶和華#你們的神必為你們爭戰,申命記1章29節,S,C,M,還沒有信心嗎？#不要懷疑，也不要膽怯，#只須跟從神的導引。,C,L,.
2017,6,30,要殷勤教訓你的兒女。#無論你坐在家裡，行在#路上，躺下，起來，都要談論。,申命記6章7節,S,C,M,千言萬語，不如以身作則，#讓人認識信靠神的你。,C,L,.
2016,1,1,你要認識神，就得平安；#福氣也必臨到你。,約伯記22章21節,S,C,M,一年之始，始於元旦，#一生之始，始於信主。,C,L,.
2016,1,2,鑒察人心的、曉得聖靈的意思．#因為聖靈照著神的旨意替聖徒祈求。,羅馬書8章27節,S,C,M,禱告不是因循，#是人的實質需要。,C,L,.
2016,1,3,但你們在那裡必尋求耶和華#你的神．你盡心盡性尋求#他的時候、就必尋見。 ,申命記4章29節,S,C,M,心中專注集中向神，#就得能力。,C,L,.
2016,1,4,殷勤不可懶惰，要心裡火熱，#常常服事主。,羅馬書12章11節,S,C,M,工作態度一（快做）：#今天的事今天做，#明日愁來明日當。,C,L,.
2016,1,5,少種的少收，#多種的多收。,哥林多後書9章6節上,S,C,M,工作態度二（多做）：#熟能生巧，#何樂不為。,C,L,.
2016,1,6,你當預備迎見你的神。,阿摩司書4章12節,S,C,M,工作態度三（能做）：#先溫習，後考試。,C,L,.
2016,1,7,甘心事奉，好像服事主，#不像服事人。,以弗所書6章7節,S,C,M,工作態度四（願做）：#我願意，不一定結婚才說。,C,L,.
2016,1,8,願耶和華從錫安賜福給你。#願你一生一世、#看見耶路撒冷的好處。 ,詩篇128章5節,S,C,M,至高造物主宰對人的賜福。,C,L,.
2016,1,9,凡事都可行．但不都有益處。#凡事都可行．但不都造就人。,哥林多前書10章23節,S,C,M,凡事不求自己益處，#只求別人益處。,C,L,.
2016,1,10,我們若是靠聖靈得生、#就當靠聖靈行事。,加拉太書5章25節,S,C,M,聖靈伴人同行人生路。,C,L,.
2016,1,11,凡自高的，必降為卑；#自卑的，必升為高。,馬太福音23章12節,S,C,M,動腦筋：#自大加一點,C,L,（猜一字，明天揭曉）
2016,1,12,尊榮以前，必有謙卑。,箴言15章33節,S,C,M,恃才傲物苦自招，#虛懷若谷樂融融。,C,L,（「動腦筋」答案：臭）
2016,1,13,親愛的弟兄、不要自己伸冤、#寧可讓步、聽憑主怒。,羅馬書12章19節,S,C,M,#主說：#「伸寃在我，我必報應。」,C,L,.
2016,1,14,多言多語難免有過．#禁止嘴唇是有智慧。 ,箴言10章19節,S,C,M,仔細思想後才說話。,C,L,.
2016,1,15,他曾照自己的大憐憫，藉耶穌#基督從死裡復活，重生了我們，#叫我們有活潑的盼望,彼得前書1章3節下,S,C,M,健康篇：#減肥不是看磅數，而是#看體內脂肪的百分比。,C,L,.
2016,1,16,主每早晨提醒，提醒我的耳朵，#使我能聽，像受教者一樣。,以賽亞書50章4節下,S,C,M,早晨是一天的開始，#也是對神盼望的時刻。,C,L,.
2016,1,17,行事為人要端正、好像行在白晝．#不可荒宴醉酒．不可好色邪蕩．#不可爭競嫉妒。,羅馬書13章13節,S,C,M,紀律就是自我的約束。,C,L,.
2016,1,18,你們必須忍耐、#使你們行完了神的旨意、#就可以得著所應許的。,希伯來書10章36節,S,C,M,恆心等待，#使命必達。,C,L,.
2016,1,19,你要專心仰賴耶和華，#不可倚靠自己的聰明。,箴言3章5節,S,C,M,笑話一則：#甲：你有不少朋友？#乙：需要我時多些，我需要他們時少些。,C,L,(唯有耶和華不變)
2016,1,20,然而敬虔加上知足#的心便是大利了,提摩太前書6章6節,S,C,M,人沒有帶什麼來世界，#也不能帶走什麼離開。,C,L,.
2016,1,21,免我們的債、#如同我們免了人的債。,馬太福音6章12節,S,C,M,耶穌基督以寶血，#赦免我們的罪。,C,L,.
2016,1,22,愛裡沒有懼怕．#愛既完全、就把懼怕除去．,約翰壹書4章18節,S,C,M,飲食篇－豆漿與蜂蜜：#二者結合產生沉澱物，#身體不容易吸收。,C,L,愛與懼怕，不要放在一起。
2016,1,23,凡事都有定期，#天下萬務都有定時。 ,傳道書3章1節,S,C,M,心急等待未來的日子，#不如享受每日的恩典。,C,L,.
2016,1,24,憂愁強如喜笑，#因為面帶愁容，#終必使心喜樂。,傳道書7章3節,S,C,M,與主同行，#憂愁必轉為喜樂。,C,L,.
2016,1,25,從前你們是暗昧的、#但如今在主裡面是光明的、#行事為人就當像光明的子女,以弗所書5章8節,S,C,M,結出良善、公義、#誠實的光明果子,C,L,.
2016,1,26,惟用愛心說誠實話、#凡事長進、連於元首基督。,以弗所書4章15節,S,C,M,以基督耶穌的愛建立自己。,C,L,.
2016,1,27,曠野和乾旱之地必然歡喜，#沙漠也必快樂，#又像玫瑰開花。,以賽亞書35章1節,S,C,M,聖經中的植物－玫瑰：#可供食用的玫瑰果，有維他命C，#是橙的10倍，檸檬的20倍,C,L,.
2016,1,28,耶和華啊，#求你將你的道指示我，#將你的路教訓我！,詩篇25章4節,S,C,M,神呀，我正面臨抉擇的困惑，#求你帶領。阿們。,C,L,.
2016,1,29,你們是世上的鹽．鹽若失了味、#怎能叫他再鹹呢．以後無用、#不過丟在外面、被人踐踏了。,馬太福音5章13節,S,C,M,飲食篇 - 煎豆腐不散開：#放生粉煎豆腐前，可加點鹽#使豆腐的水份逼出便不會散開。,C,L,.
2016,1,30,人的勞碌都為口腹、#心裡卻不知足。,傳道書6章7節,S,C,M,從前為己勞碌，#如今為主而活。,C,L,.
2016,1,31,我不求你叫他們離開世界、#只求你保守他們脫離那惡者。,約翰福音17章15節,S,C,M,出淤泥而不染，#濯清漣而不妖，可以嗎？#依靠耶穌基督可以。,C,L,.
2016,2,1,讓小孩子到我這裡來、#不要禁止他們．因為在神國的、#正是這樣的人。,路加福音18章16節,S,C,M,入天國的都應純真信賴神。,C,L,.
2016,2,2,我已指教你走智慧的道、#引導你行正直的路。,箴言4章11節,S,C,M,天父已經告訴了你，你仍明知故犯嗎？,C,L,.
2016,2,3,萬軍之耶和華阿、#倚靠你的人、便為有福。,詩篇84章12節,S,C,M,福不是從金錢、事業、成就而來。,C,L,.
2016,2,4,一個人不能事奉兩個主．不是惡這個#愛那個、就是重這個輕那個．#你們不能又事奉神、又事奉瑪門。,馬太福音6章24節,S,C,M,飲食篇：#胡蘿蔔主補，白蘿蔔主瀉，#不宜一起吃。,C,L,.
2016,2,5,但保惠師、就是父因我的名所要差來的#聖靈、他要將一切的事、指教你們、並且#要叫你們想起我對你們所說的一切話。,約翰福音14章26節,S,C,M,聖靈幫助我們明白聖經。,C,L,.
2016,2,6,我所說的話你要思想．#因為凡事主必給你聰明。,提摩太後書2章7節,S,C,M,動腦筋：#雖有十張口，只有一顆心。,C,L,（猜一字，明天揭曉）
2016,2,7,你當心裡思想、耶和華你神管教你、#好像人管教兒子一樣。,申命記8章5節,S,C,M,心裡沒有耶和華，#百思不得其解。,C,L,（「動腦筋」答案：思）
2016,2,8,你必將生命的道路指示我。#在你面前有滿足的喜樂；#在你右手中有永遠的福樂。,詩篇16章11節,S,C,M,新的一年，#新的開始。,C,L,.
2016,2,9,清心的人有福了！#因為他們必得見神。,馬太福音5章8節,S,C,M,「清心」是沒有驕傲、虛榮、#自私、貪心等心態，祗有愛心、#信心、公義、謙卑等的美善。,C,L,.
2016,2,10,得智慧，得聰明的，#這人便為有福。,箴言3章13節,S,C,M,健康篇：#身體的頸部和腹部對溫度#最敏感，小心頸部著涼。,C,L,.
2016,2,11,天國好像寶貝藏在地裡．人遇見#了、就把他藏起來．歡歡喜喜的#去變賣一切所有的、買這塊地。 ,馬太福音13章44節,S,C,M,天國是至寶。,C,L,.
2016,2,12,你們要常在我裡面、我也常在你們裡面。#枝子若不常在葡萄樹上、自己就不能結果子．#你們若不常在我裡面、也是這樣。,約翰福音15章4節,S,C,M,聖經中的水果－葡萄：#葡萄樹有很強的適應環境能力，#已經有幾千年歷史。,C,L,.
2016,2,13,求你轉向我，憐恤我，#因為我是孤獨困苦。,詩篇25章16節,S,C,M,與主同行，#從不孤單。,C,L,.
2016,2,14,富戶窮人、在世相遇、#都為耶和華所造。,箴言22章2節,S,C,M,不要驕傲，#只存謙卑。,C,L,.
2016,2,15,願恩惠、平安，因你們認識神#和我們主耶穌多多的加給你們。,彼得後書1章2節,S,C,M,主啊！我要親近你。,C,L,.
2016,2,16,不可叫人小看你年輕．#總要在言語、行為、愛心、信心、#清潔上．都作信徒的榜樣。,提摩太前書4章12節,S,C,M,今天是你餘生最年輕的一天。,C,L,.
2016,2,17,我的心哪、#你當默默無聲、專等候神．#因為我的盼望是從他而來。,詩篇62章5節,S,C,M,笑話一則：#人問：人有兩個耳朵、兩個眼睛、#兩個鼻孔、為何一個嘴巴？,C,L,(神答：不要多嘴。)
2016,2,18,我們在天上的父、#願人都尊你的名為聖。,馬太福音6章9節,S,C,M,基督徒須活得豐盛，#稱頌上帝的名。,C,L,.
2016,2,19,願你的國降臨。#願你的旨意行在地上、#如同行在天上。,馬太福音6章10節,S,C,M,我們的行為須顯示出#我們是上帝的國民。,C,L,.
2016,2,20,我們日用的飲食、#今日賜給我們。,馬太福音6章11節,S,C,M,全世界每年約有260萬名兒童#死於營養不良，求主憐憫。,C,L,.
2016,2,21,不要為那必壞的食物勞力、要為那存到#永生的食物勞力、就是人子要賜#給你們的．因為人子是父神所印證的。,約翰福音6章27節,S,C,M,耶穌的話是可存#到永遠的糧食。,C,L,.
2016,2,22,你們要愛惜光陰、#用智慧與外人交往。,歌羅西書4章5節,S,C,M,在世寄居的日子，#總有限期。,C,L,.
2016,2,23,不叫我們遇見試探．救我們脫離兇惡。#因為國度、權柄、榮耀、全是你的#直到永遠、阿們。,馬太福音6章13節,S,C,M,做了壞事。#聖父知，聖子知，聖靈知。,C,L,.
2016,2,24,所以你們要棄絕謊言，#各人與鄰舍說實話，#因為我們是互相為肢體。,以弗所書4章25節,S,C,M,言論，#必須慎思明辨。,C,L,.
2016,2,25,他們在曠野荒地漂流、#尋不見可住的城邑 ,詩篇107章4節,S,C,M,從前常漂流無定，#如今已拋錨靠主。,C,L,.
2016,2,26,一句話說得合宜，#就如金蘋果在銀網子裡。,箴言25章11節,S,C,M,聖經中的水果－蘋果：#蘋果希伯來文為tap-poo-akh，#意即「芳香」(fragrance),C,L,.
2016,2,27,我稱讚你們、因你們凡事記念我、#又堅守我所傳給你們的。,哥林多前書11章2節,S,C,M,守住上帝的道是值得稱讚的。,C,L,.
2016,2,28,多言多語難免有過．#禁止嘴唇是有智慧。,箴言10章19節,S,C,M,飲食篇：#經常說話者可吃蘋果、#梨、蜂蜜、梅子或柚子調理。,C,L,.
2016,2,29,你們不要自欺．#濫交是敗壞善行。,哥林多前書15章33節,S,C,M,交友是要選擇的。,C,L,.
2016,3,1,教養孩童、#使他走當行的道、#就是到老他也不偏離。,箴言22章6節,S,C,M,指導及教育兒女#行倚靠主耶和華的路,C,L,.
2016,3,2,但那等候耶和華的、#必從新得力、他們必如鷹展翅上騰、#他們奔跑卻不困倦、行走卻不疲乏。,以賽亞書40章31節,S,C,M,跟隨聖靈的步伐。,C,L,.
2016,3,3,各人領受神的恩賜，#一個是這樣，#一個是那樣。,哥林多前書7章7節,S,C,M,不要比較。,C,L,.
2016,3,4,得智慧，得聰明的，#這人有福了。,箴言3章13節,S,C,M,聰明是專心聆聽而明白，#明白是按聖經的道思索。,C,L,.
2016,3,5,你們和不信的原不相配，不要同負一軛。#義和不義有什麼相交呢？#光明和黑暗有什麼相通呢？,哥林多後書6章14節,S,C,M,你的價值觀與聖經所指示的有何不同?,C,L,.
2016,3,6,耶穌說、讓小孩子到我這裡來、#不要禁止他們．因為在天國的、#正是這樣的人。,馬太福音19章14節,S,C,M,恢復像小孩子的謙卑，#努力跟隨基督進入天國,C,L,.
2016,3,7,這是耶和華所定的日子．#我們在其中要高興歡喜。,詩篇118章24節,S,C,M,感謝神賞賜的每一日。,C,L,.
2016,3,8,耶和華必為你們爭戰、#你們只管靜默、不要作聲。,出埃及記14章14節,S,C,M,微笑解決問題，#沉默避免問題。,C,L,.
2016,3,9,他說、他是個罪人不是、#我不知道．有一件事我知道．#從前我是眼瞎的、如今能看見了。,約翰福音9章25節,S,C,M,從前近視看不見，#如今遠視永生來。,C,L,.
2016,3,10,出於信心的祈禱、要救那病人、#主必叫他起來．他若犯了罪、#也必蒙赦免。,雅各書5章15節,S,C,M,醫治只有從#造物主宰而來,C,L,.
2016,3,11,按著定命、#人人都有一死、#死後且有審判．,希伯來書9章27節,S,C,M,接受耶穌基督的救贖，#可以不至滅亡，反得永生。,C,L,.
2016,3,12,我必安然躺下睡覺、#因為獨有你耶和華使我安然居住。,詩篇4章8節,S,C,M,耶和華使人入睡。,C,L,.
2016,3,13,彼得說、看哪、我們已經撇下#自己所有的跟從你了。,路加福音18章18節,S,C,M,聖經人物 －彼得(Peter)：#磐石之意。,C,L,.
2016,3,14,因為『凡有血氣的、盡都如草、#他的美榮、都像草上的花．#草必枯乾、花必凋謝．#惟有主的道是永存的。 』,彼得前書1章24節及25節上,S,C,M,人生是在耶和華#的期限之中。,C,L,.
2016,3,15,我的肉體、和我的心腸衰殘．#但神是我心裡的力量、#又是我的福分、#直到永遠。,詩篇73章26節,S,C,M,聖靈是信徒心中的力量。,C,L,.
2016,3,16,耶和華的典章真實，全然公義。#都比金子可羨慕，且比極多#的精金可羨慕；比蜜甘甜，#且比蜂房下滴的蜜甘甜。,詩篇19章9節下及10節,S,C,M,蜂蜜的效用：#「入藥之功有五，清熱也，補中也，#解毒也，潤燥也，止痛也... 」,C,L,（本草綱目）
2016,3,17,一句話說得合宜，#就如金蘋果在銀網子裡。,箴言25章11節,S,C,M,不斷談論自己的人，#不但沒有說話藝術，#還深具得罪人的藝術。,C,L,（戴爾．卡內基）
2016,3,18,但從起初創造的時候、#神造人是造男造女。,馬可福音10章6節,S,C,M,耶和華神用地上的塵土造人、#將生氣吹在他鼻孔裡、#他就成了有靈的活人。,C,L,.
2016,3,19,你的手製造我、建立我．#求你賜我悟性、#可以學習你的命令。,詩篇119章73節,S,C,M,明白和遵行聖經的吩咐。,C,L,.
2016,3,20,誰能說，我潔淨了我的心，#我脫淨了我的罪？,箴言20章9節,S,C,M,防高血壓飲食－DASH(1)：#選擇全穀根莖類、#天天5+5蔬果、選擇低脂奶,C,L,.
2016,3,21,耶穌對他說：復活在我，#生命也在我。#信我的人雖然死了，#也必復活。,約翰福音11章25節,S,C,M,防高血壓飲食－DASH(2)：#紅肉改白肉、吃堅果 用好油,C,L,.
2016,3,22,行為純正的義人、#他的子孫、是有福的。,箴言20章7節,S,C,M,父親的正直，#是兒孫之福。,C,L,.
2016,3,23,不要效法這個世界．只要心意更#新而變化、叫你們察驗何為神的#善良、純全可喜悅的旨意。,羅馬書12章2節,S,C,M,聖靈教導人明白和#活出聖經真理。,C,L,.
2016,3,24,我未成形的體質、#你的眼早已看見了．#你所定的日子、我尚未度一日、#你都寫在你的冊上了。,詩篇139章16節,S,C,M,#讚美你所愛的人：#「你是獨一無二的。」,C,L,.
2016,3,25,在世上，你們有苦難；#但你們可以放心，#我已經勝了世界。,約翰福音16章33節,S,C,M,苦難給我們動力在生命中成長，#對神有更深的認識。,C,L,.
2016,3,26,這耶穌，神已經叫他復活了，#我們都為這事作見證。,使徒行傳2章32節,S,C,M,位於南太平洋的復活節島#名字由來，是由於它在#復活節之日被發現。,C,L,.
2016,3,27,耶穌對他說、復活在我、#生命也在我．信我的人、#雖然死了、也必復活．,約翰福音11章25節,S,C,M,復活蛋比喻為「新生命的開始」，#象徵「耶穌復活、走出石墓」。,C,L,.
2016,3,28,並且神已經叫主復活，#也要用自己的能力叫我們復活。,哥林多前書6章14節,S,C,M,主耶穌基督的復活，#帶給信主的人有永恆的盼望。,C,L,.
2016,3,29,我憑著所賜我的恩對你們各#人說：不要看自己過於所當#看的，要照著神所分給各人#信心的大小，看得合乎中道。,羅馬書12章3節,S,C,M,正確看待自己的生命#便能成為他人的祝福！,C,L,.
2016,3,30,若有人在基督裡，#他就是新造的人，#舊事已過，都變成新的了。,哥林多後書5章17節,S,C,M,沒有人可以回到過去重新開始，#但每一個人都可以從現在#開始創造全新的未來。,C,L,瑪麗亞•羅賓森（Maria Robinson）
2016,3,31,堅心倚賴你的、#你必保守他十分平安、#因為他倚靠你。,以賽亞書26章3節,S,C,M,基督耶穌是人#得平安的倚靠,C,L,.
2016,4,1,上帝就造出大魚和水中所滋#生各樣有生命的動物，#各從其類；又造出各樣飛鳥，#各從其類。上帝看著是好的。,創世記1章21節,S,C,M,關愛上帝所造就之物。,C,L,.
2016,4,2,與喜樂的人要同樂．#與哀哭的人要同哭。,羅馬書12章15節,S,C,M,心靈一致。,C,L,.
2016,4,3,因為你們怎樣論斷人，#也必怎樣被論斷；#你們用甚麼量器量給人，#也必用甚麼量器量給你們。,馬太福音7章2節,S,C,M,評論要有建議。,C,L,.
2016,4,4,因為罪的工價乃是死；惟有神的#恩賜，在我們的主基督耶穌裡，#乃是永生。,羅馬書6章23節,S,C,M,擁有新生命，#活出新生活。,C,L,.
2016,4,5,我 ─ 耶和華是鑒察人心、#試驗人肺腑的，要照各人所行的#和他做事的結果報應他。,耶利米書17章10節,S,C,M,衡量一個人的真正品格，#是看他在知道沒有人#發覺的時候做什麼。,C,L,孟德斯鳩 (Montesquieu)
2016,4,6,唯喜愛耶和華的律法，#晝夜思想，這人便為有福！,詩篇1章2節,S,C,M,學習知識要善於思考，思#考，再思考，我就是靠這#個方法成為科學家的。,C,L,（愛因斯坦）
2016,4,7,愚昧人若靜默不言、#也可算為智慧．#閉口不說、也可算為聰明。 ,箴言17章28節,S,C,M,慎言。,C,L,.
2016,4,8,因為神賜給我們、#不是膽怯的心、#乃是剛強、仁愛、謹守的心。,提摩太後書1章7節,S,C,M,神改變了人的心。,C,L,.
2016,4,9,於是，地上長出了青草和結種子的#蔬菜，各從其類；又長出結果子的#樹木，各從其類，果子都包著核。#神看這是好的。,創世記1章12節,S,C,M,「無核西瓜」不能通過種子#繁殖在自然界內大量產生，#只能人工處理後生產。,C,L,.
2016,4,10,你們要靠主常常喜樂．#我再說、你們要喜樂。,腓立比書4章4節,S,C,M,喜樂來自感恩的心。,C,L,.
2016,4,11,惟有忍耐到底的、#必然得救。,馬太福音24章13節,S,C,M,堅持向基督盡忠。,C,L,.
2016,4,12,我受苦是與我有益、#為要使我學習你的律例。,詩篇119章71節,S,C,M,受到傷害時，#神要你學習什麼？,C,L,.
2016,4,13,他使草生長，給六畜吃，#使菜蔬發長，供給人用，#使人從地裡能得食物。,詩篇104章14節,S,C,M,有些人不喜歡吃菜疏，可是圖瓦盧的#國民非常喜歡而且珍惜菜蔬。因為，#當地土地鹽分高不能種菜蔬吃。,C,L,圖瓦盧－南太平洋的小國
2016,4,14,我不撇下你們為孤兒、#我必到你們這裡來。,約翰福音14章18節,S,C,M,基督應許門徒---同住。,C,L,.
2016,4,15,主耶和華以色列的聖者曾如此說、#你們得救在乎歸回安息．#你們得力在乎平靜安穩．#你們竟自不肯．,以賽亞書30章15節,S,C,M,由基督作主才得享平安。,C,L,.
2016,4,16,但那等候耶和華的必從新得力。#他們必如鷹展翅上騰；#他們奔跑卻不困倦，#行走卻不疲乏。,以賽亞書40章31節,S,C,M,如有腰酸背痛、精神緊張等#問題。若再出現持續疲倦、#頭暈頭痛、記憶力衰退等，#可能會患上慢性疲勞綜合症。,C,L,.
2016,4,17,我像燕子呢喃，像白鶴鳴叫，#又像鴿子哀鳴；我因仰觀，#眼睛困倦。耶和華啊，#我受欺壓，求你為我作保。,以賽亞書38章14節,S,C,M,如患了慢性疲勞綜合症，可飲用#滋陰補腎、健脾、養血的湯水，#通過調理身體，紓緩疲勞徵狀。,C,L,.
2016,4,18,我靠著那加給我力量的、#凡事都能作。,腓立比書4章13節,S,C,M,按照神的指示配合祂，#必定成功。,C,L,.
2016,4,19,該隱與他兄弟亞伯說話；#二人正在田間。#該隱起來打他兄弟亞伯，#把他殺了。,創世記4章8節,S,C,M,嫉妒可以是燎原之火，如果失去#控制，這種心理會演變為一種嫉恨，#甚至使人產生沮喪情緒。,C,L,.
2016,4,20,所求於管家的、#是要他有忠心。,哥林多前書4章2節,S,C,M,所有都從神而來，#就照祂的心意管理。,C,L,.
2016,4,21,喜樂的心乃是良藥；#憂傷的靈使骨枯乾。,箴言17章22節,S,C,M,大笑可以提高內啡肽水平，#強化免疫系統，#增加血管中的氧氣含量。,C,L,邁克爾.米勒 教授
2016,4,22,各人應當察驗自己的行為；#這樣，他所誇的就專在自己，#不在別人了。,加拉太書6章4節,S,C,M,教養小孩，不與其他小孩比較，#以免孩子產生自卑和挫敗感，#影響自信心。,C,L,.
2016,4,23,主雖使人憂愁、#還要照他諸般的慈愛發憐憫。,耶利米哀歌3章32節,S,C,M,神要管教人。,C,L,.
2016,4,24,我要向山舉目；#我的幫助從何而來？#我的幫助#從造天地的耶和華而來。,詩篇121章1-2節,S,C,M,每天養成讀聖經的習慣，#默想神的話語。,C,L,.
2016,4,25,神賜人資財豐富、使他能以喫用、#能取自己的分、在他勞碌中喜樂．#這乃是神的恩賜。,傳道書5章19節,S,C,M,恩賜越大，#責任越大。,C,L,.
2016,4,26,孩子死了我何必禁食．我豈能使#他返回呢。我必往他那裡去、#他卻不能回我這裡來。,撒母耳記下12章23節,S,C,M,人死不能復生，#唯藉主基督再活。,C,L,.
2016,4,27,耶穌對他說、復活在我、#生命也在我．信我的人、#雖然死了、也必復活．,約翰福音11章25節,S,C,M,信主的，#黑夜之後，白晝必來。,C,L,.
2016,4,28,凡活著信我的人、#必永遠不死。#你信這話麼。,約翰福音11章26節,S,C,M,主阿，我信。,C,L,.
2016,4,29,各樣的惡事要禁戒不作,帖撒羅尼迦前書5章22節,S,C,M,雖然困難，但總要盡你力量#去禁戒，無論藉着祈禱、#自省、求助或逃離，#總要想辦法遠離惡事。,C,L,.
2016,4,30,主的靈在我身上，#因為祂用膏膏我……#叫那受壓制的得自由,路加福音4章18節,S,C,M,不自由、毋寧死！#當人被環境困鎖，寧願冒死去#逃走，為的是「自由」。,C,L,.
2016,5,1,你們要休息、要知道我是神．#我必在外邦中被尊崇、#在遍地上也被尊崇。,詩篇46章10節,S,C,M,不再自我，#偏行己路。,C,L,.
2016,5,2,殷勤不可懶惰．#要心裡火熱．#常常服事主。,羅馬書12章11節,S,C,M,心裏被十架上為罪人捨命#的神子耶穌大愛所---激勵。,C,L,.
2016,5,3,喜樂的心乃是良藥；#憂傷的靈使骨枯乾。,箴言17章22節,S,C,M,信靠神，使你重新得力。,C,L,.
2016,5,4,我看重他口中的言語，#過於我需用的飲食。,約伯記23章12節下,S,C,M,事前思考是理據，#事後堆砌是藉口。,C,L,.
2016,5,5,主怎樣饒恕了你們，#你們也要怎樣饒恕人。,歌羅西書3章13節,S,C,M,愛人如愛己，#學習關心別人。,C,L,.
2016,5,6,能聽的耳、能看的眼、#都是耶和華所造的。,箴言20章12節,S,C,M,感謝父神，透過大自然#的景物，讓我們知道祢#創造萬物的偉大。,C,L,.
2016,5,7,寧可在安靜之中#聽智慧人的言語，#不聽掌管愚昧人的感聲。,傳道書9章17節,S,C,M,要做一個言行謹慎、#誠實可靠的人。,C,L,.
2016,5,8,你要使父母歡喜，#使生你的快樂。,箴言23章25節,S,C,M,小時父母為你繫鞋帶，#現在你可曾發現他們開始#彎不下腰來，你會怎樣做呢!,C,L,.
2016,5,9,我們相愛、不要只在言語和#舌頭上．總要在行為和誠實上。,約翰壹書3章18節,S,C,M,因此，時間長一點，#認識多一點。,C,L,.
2016,5,10,人在最小的事上忠心、#在大事上也忠心．#在最小的事上不義、#在大事上也不義。,路加福音16章10節,S,C,M,大小一一俱全。,C,L,（猜一字，明天揭曉）
2016,5,11,耶和華是良善正直的. #所以他必指示罪人走正路.,詩篇25章8節,S,C,M,怒火責備別人，#不如訓斥提出建議。,C,L,（「動腦筋」答案：奈）
2016,5,12,聰明人的心得知識；#智慧人的耳求知識。,箴言18章15節,S,C,M,知得越多，#懂得越少。,C,L,.
2016,5,13,草必枯乾，花必凋謝。,彼得前書1章24節,S,C,M,珍惜萬有，#保護地球資源。,C,L,.
2016,5,14,耶穌說:「所以我告訴你們，不要#為生命憂慮吃甚麼，喝甚麼；為#身體憂慮穿甚麼。生命不勝於#飲食麼？身體不勝於衣裳麼？」,馬太福音6章25節,S,C,M,世衛2015年10月報告中，#將加工肉類列為最高風險致癌物，#引起全球關注。,C,L,.
2016,5,15,惟有那愚拙無學問的辯論、#總要棄絕．#因為知道這等事是起爭競的。,提摩太後書2章23節,S,C,M,不爭辯，#只順從聖經真理。,C,L,.
2016,5,16,只是不可忘記行善、和捐輸的事．#因為這樣的祭、是神所喜悅的。,希伯來書13章16節,S,C,M,以神喜歡的行為，#成為祭物獻給神。,C,L,.
2016,5,17,良言如同蜂房、#使心覺甘甜、#使骨得醫治。,箴言16章24節,S,C,M,神話語的醫治能力。,C,L,.
2016,5,18,貪愛銀子的，不因得銀子知足；#貪愛豐富的，也不因得利益知足。#這也是虛空。,傳道書5章10節,S,C,M,2008年美國第四大投資#銀行雷曼兄弟財困，申請破產#保護，揭開金融海嘯序幕，#衝擊全球經濟。,C,L,.
2016,5,19,但願我行事堅定、#得以遵守你的律例。,詩篇119章5節,S,C,M,遵守耶穌基督的教訓。,C,L,.
2016,5,20,我差你們去，#如同羊進入狼群；#所以你們要靈巧像蛇，#馴良像鴿子。,馬太福音10章16節,S,C,M,動腦筋：#狼來了。,C,L,（猜一水果，明天揭曉）
2016,5,21,你手若有行善的力量，#不可推辭，#就當向那應得的人施行。,箴言3章27節,S,C,M,行善的力量是天父賜予的，#應當施行。,C,L,（「動腦筋」答案：楊桃）
2016,5,22,你當剛強壯膽！不要懼怕，#也不要驚惶；#因為你無論往那裡去，#耶和華你的神必與你同在。,約書亞記1章9節,S,C,M,離開了神，#我們什麼都不能作。,C,L,.
2016,5,23,你要保守你心，勝過保守一切，#因為一生的果效，是由心發出。,箴言4章23節,S,C,M,求主潔淨我們的心，#因為一切的惡毒是從裡頭出來。,C,L,.
2016,5,24,我的弟兄們，#你們落在百般試煉中，#都要以為大喜樂。,雅各書1章2節,S,C,M,苦盡甘來，#倒頭來才知道是神的美意。,C,L,.
2016,5,25,施比受更為有福。,使徒行傳20章35節下,S,C,M,人不擁有任何東西，#它們都是上帝的。,C,L,.
2016,5,26,我一生要讚美耶和華。#我還活的時候，要歌頌我的神。,詩篇146章2節,S,C,M,聲樂篇：#唱歌要注意呼吸、發聲與共#鳴的技巧，並把歌詞的情感#與內容演繹出來。,C,L,.
2016,5,27,好施捨的、必得豐裕．#滋潤人的、必得滋潤。,箴言11章25節,S,C,M,擁有的，是資產還是負債。#欠缺的，是負債還是資產。,C,L,.
2016,5,28,感謝神，#因他有說不盡的恩賜！,哥林多後書9章15節,S,C,M,數一數，由出生至今天，#擁有多少恩賜？,C,L,.
2016,5,29,不要自以為有智慧；#要敬畏耶和華，遠離惡事。,箴言3章7節,S,C,M,人算不如神算。,C,L,.
2016,5,30,生命不勝於飲食嗎？#身體不勝於衣裳嗎？,馬太福音6章25節下,S,C,M,笑話一則：#病人憂慮地說：「醫生，救我，我#誤喝下一瓶汽油！」醫生：「不#用擔心，記得不要抽煙便可。」,C,L,（價值觀影響憂慮)
2016,5,31,看哪，弟兄和睦同居#是何等地善，何等地美！,詩篇133章1節,S,C,M,幼童軍規律： #幼童軍，盡所能，#先顧別人 才顧己，#日行一善富精神。,C,L,.
2016,6,1,康健的人用不著醫生，有#病的人才用得著。我來本#不是召義人，乃是召罪人。,馬可福音2章17節下,S,C,M,健康篇：#「傷風」和「流行性感冒」#都是由病毒引起的。「傷風」#是逐漸病發且病況輕微。,C,L,.
2016,6,2,當將你的事交託耶和華，#並倚靠他，他就必成全。,詩篇37章5節,S,C,M,耶和華是我們#路上的指揮燈,C,L,.
2016,6,3,我們愛，#因為　神先愛我們。,約翰一書4章19節,S,C,M,希臘語中的愛有不同意思，可以是agape#、phileo、eros等。新約聖經指的#愛是agape，即「無條件的愛」。,C,L,.
2016,6,4,人若無有，自己還以為有，#就是自欺了。,加拉太書6章3節,S,C,M,找藉口，合理化自己的#觀念與行為是自我欺騙。,C,L,.
2016,6,5,一句良言，#使心歡樂。,箴言12章25節下,S,C,M,一句得宜的說話，#可以改變人的一生。,C,L,.
2016,6,6,你們願意人怎樣待你們，#你們也要怎樣待人。,路加福音6章31節,S,C,M,人在做，主在看。,C,L,.
2016,6,7,人在最小的事上忠心，#在大事上也忠心；#在最小的事上不義，#在大事上也不義。,路加福音16章10節,S,C,M,基督要求祂的門徒在所有#事上作---忠心管家。,C,L,.
2016,6,8,我要謹慎我的言行，免得我舌#頭犯罪；惡人在我面前的時候，#我要用嚼環勒住我的口。,詩篇39章1節上,S,C,M,講者無心，聽者有耳。,C,L,.
2016,6,9,螞蟻是無力之類，#卻在夏天預備糧食。,箴言30章25節,S,C,M,「端」是「初」，「午」是「陽」。#到了端午節，就知道夏天來了。,C,L,.
2016,6,10,好施捨的，必得豐裕；#滋潤人的，必得滋潤。,箴言11章25節,S,C,M,是「施」，還是「受」?#是「得」，還是「失」?,C,L,.
2016,6,11,口吐真言，永遠堅立；#舌說謊話，只存片時。,箴言12章19節,S,C,M,笑話一則：#課室的椅子弄破了，老師問：「誰做的？」#一位學生說：「我。」老師：「你做了不該#做的事，也做了讚賞的事-不說謊。」,C,L,.
2016,6,12,感謝神，因他有說不盡的恩賜！,哥林多後書9章15節,S,C,M,生活結善果，#榮耀全歸主。,C,L,.
2016,6,13,凡較力爭勝的，諸事都有節制；,哥林多前書9章25節上,S,C,M,不同的價值觀，#產生不同的競賽意義。,C,L,.
2016,6,14,你們存心不可貪愛錢財，#要以自己所有的為足；,希伯來書13章5節,S,C,M,錢財身外物。生不帶來，死不帶去。#惟獨主的恩典，洗淨我罪，給我永生。,C,L,.
2016,6,15,凡我所疼愛的，#我就責備管教他；#所以你要發熱心，#也要悔改。,啟示錄3章19節,S,C,M,身體出現的病徵，#例如痛楚，發燒，#是責備，也是提醒，問題已出現。,C,L,.
2016,6,16,神使我喜笑，#凡聽見的必與我一同喜笑；,創世記21章6節下,S,C,M,#小孩問父親：「你猜想我手裡有#多少枚硬幣？猜對了，我把手裡#的一個硬幣給你，否則你給我十#枚。」結果，小孩得了十枚。,C,L,(神使你喜笑)
2016,6,17,從來沒有人恨惡自己的身子，#總是保養顧惜，#正像基督待教會一樣；#因我們是他身上的肢體。,以弗所書5章29-30節,S,C,M,有「靈命日糧」，也有「心靈雞湯」，#仍須「身體健康」，為主作工。,C,L,.
2016,6,18,神要擦去他們一切的眼淚；#不再有死亡，#也不再有悲哀、哭號、疼痛，#因為以前的事都過去了。,啟示錄21章4節,S,C,M,神啊，我唯一不可失去的，#是你。,C,L,.
2016,6,19,你要使父母歡喜，#使生你的快樂。 ,箴言23章25節,S,C,M,充滿關懷的一件小禮物、#一杯茶或一句問候，使人#滿心歡喜。,C,L,.
2016,6,20,尋找有時、失落有時．#保守有時、捨棄有時．,傳道書3章6節,S,C,M,月缺有時，月圓有時。#日落有時，日出有時。,C,L,.
2016,6,21,撕裂有時、縫補有時．#靜默有時、言語有時．,傳道書3章7節,S,C,M,説對的話，不須爭辯。#説錯的話，不須解釋。,C,L,.
2016,6,22,喜愛有時、恨惡有時．#爭戰有時、和好有時。,傳道書3章8節,S,C,M,今日的我可以打倒昨天的我，#今日的建議可作明天的參考。,C,L,.
2016,6,23,穿上了新人。#這新人在知識上漸漸更新，#正如造他主的形像。,歌羅西書3章10節,S,C,M,你的見證，#是別人的祝福。,C,L,.
2016,6,24,神賜人資財豐富，使他能以吃用，#能取自己的分，在他勞碌中喜樂，#這乃是神的恩賜。,傳道書5章19節,S,C,M,烏龜在「龜兔賽跑」中勝出，#不單因為兔子的驕傲，#而且也須要烏龜的堅持與努力。#勝出是他應得的。,C,L,.
2016,6,25,為什麼看見你弟兄眼中有刺，#卻不想自己眼中有梁木呢？,路加福音6章41節,S,C,M,笑話一則：#老闆要開除做錯事的員工，#友人勸告：「小事情，下次才懲罰他吧！」#老闆說：「若是他不再犯錯，怎麼辦？」,C,L,.
2016,6,26,凡事包容，凡事相信，#凡事盼望，凡事忍耐。,哥林多前書13章7節,S,C,M,這是「愛」。,C,L,.
2016,6,27,神喜悅誰，#就給誰智慧、知識，和喜樂；,傳道書2章26節上,S,C,M,請列出三件神所喜悅的事。,C,L,.
2016,6,28,相近的鄰舍強如遠方的弟兄。,箴言27章10節下,S,C,M,有時身這麼近，心那麽遠。#有時身這麼遠，心那麽近。,C,L,.
2016,6,29,朋友乃時常親愛，#弟兄為患難而生。,箴言17章17節,S,C,M,回應關懷與支持，#傳承愛心立榜樣。,C,L,.
2016,6,30,凡你們所做的都要憑愛心而做。,哥林多前書16章14節,S,C,M,不受歡迎的行為，#例如指出錯處，開除下屬，#是可以用「愛心」去執行的。,C,L,.
2016,7,1,所以我們不喪膽．#外體雖然毀壞、#內心卻一天新似一天。,哥林多後書4章16節,S,C,M,靈裏活潑可以#勝過身體的衰敗。,C,L,.
2016,7,2,在耶和華眼中看聖民之死、#極為寶貴。,詩篇116章15節,S,C,M,造物主宰愛惜與#祂立約的子民。,C,L,.
2016,7,3,你不要害怕、因為我與你同在．#不要驚惶、因為我是你的神。,以賽亞書41章10節,S,C,M,神應允以公義的#手扶持祂的子民。,C,L,.
2016,7,4,你當剛強壯膽．不要懼#怕、也不要驚惶、因為#你無論往那裡去、耶和#華你的神必與你同在。,約書亞記1章9節,S,C,M,應當操練，使神的話語#驅趕你懼怕的思想。,C,L,.
2016,7,5,我只有一件事、#就是忘記背後、努力面前的、#向著標竿直跑,腓立比書3章13節,S,C,M,應當操練，使神的話語#指引你奔跑的方向。,C,L,.
2016,7,6,不但藉著他來，也藉著他從你們所#得的安慰，安慰了我們，因他把你#們的想念，哀慟，和向我的熱心，#都告訴了我，叫我更加歡喜。,哥林多後書7章7節,S,C,M,多關心身邊的人，#施比受更有福。,C,L,.
2016,7,7,不要效法這個世界，只要心意更#新而變化，叫你們察驗何為神的#善良、純全、可喜悅的旨意。,羅馬書12章2節,S,C,M,放下現有的束縛，#不隨波逐流，#釋放自己。,C,L,.
2016,7,8,主耶和華#以色列的聖者曾如此說、#你們得救在乎歸回安息．#你們得力在乎平靜安穩．,以賽亞書30章15節,S,C,M,心中讓神居首位。,C,L,.
2016,7,9,我一生一世必有#恩惠慈愛隨著我．#我且要住在耶和華的殿中、#直到永遠。,詩篇23章6節,S,C,M,居住在耶穌基督裏。,C,L,.
2016,7,10,我留下平安給你們；#我將我的平安賜給你們。#我所賜的，不像世人所賜的。#你們心裡不要憂愁，也不要膽怯。,約翰福音14章27節,S,C,M,你得到真正的平安嗎？,C,L,.
2016,7,11,你們落在百般試煉中、#都要以為大喜樂,雅各書1章2節,S,C,M,因為知道你們的信心經過試驗，#就生忍耐。,C,L,雅各書1章3節
2016,7,12,我把虹放在雲彩中、#這就可作我與地立約的記號了。,創世記9章13節,S,C,M,猶太教有三大記念節期，分別是住棚#節（9月10月）、逾越節（3月#4月）及五旬節（5月6月）,C,L,.
2016,7,13,快跑的未必能贏；力戰的#未必得勝；智慧的未必得#糧食；明哲的未必得資財；#靈巧的未必得喜悅。,傳道書9章11節,S,C,M,把握時機，#珍惜現在，#也珍惜身邊的人。,C,L,.
2016,7,14,教養孩童、使他走當行的道、#就是到老他也不偏離。,箴言22章6節,S,C,M,成為敬畏神，正直的人。,C,L,.
2016,7,15,我們日用的飲食，#今日賜給我們。,馬太福音6章11節,S,C,M,老年篇：#長者視覺功能減弱，#細小的污垢在飯碗或#飯桌上，是看不到的。,C,L,.
2016,7,16,愛情、眾水不能息滅、大水也#不能淹沒．若有人拿家中所有的#財寶要換愛情、就全被藐視。,雅歌8章7節,S,C,M,愛情換愛情是最公平的交易。,C,L,佚名
2016,7,17,我先前寫信叫你們憂愁，#我後來雖然懊悔，如今卻不懊悔，#因我知道那信叫你們憂愁，#不過是暫時的。,哥林多後書7章8節,S,C,M,如果人生沒有經歷低潮#又怎知甚麼是成功#有潮漲就有潮退。,C,L,.
2016,7,18,在耶和華眼中看聖民之死、#極為寶貴。,詩篇116章15節,S,C,M,神不願自己的子民滅亡。,C,L,.
2016,7,19,如今常存的有信、有望、有愛、#這三樣、其中最大的是愛。,哥林多前書13章13節,S,C,M,全心全意愛神是最重要。,C,L,.
2016,7,20,按著定命、#人人都有一死、#死後且有審判．,希伯來書9章27節,S,C,M,站穩在基督的國度裏#就不至滅亡，反得永生。,C,L,.
2016,7,21,真實的律法在他口中，#他嘴裡沒有不義的話。#他以平安和正直與我同行，#使多人回頭離開罪孽。,瑪拉基書2章6節,S,C,M,言行一致，不可有雙重標準。,C,L,.
2016,7,22,你們要記念這日、守為耶和華#的節、作為你們世世代代#永遠的定例。,出埃及記12章14節,S,C,M,「逾越節」記念耶和華在以色列#人在埃及時，他擊殺埃及人，救#了以色列各家。,C,L,.
2016,7,23,凡所行的，#都不要發怨言，起爭論,腓立比書2章14節,S,C,M,不浪費時間去爭吵，#用柔和的心處事，#共創雙贏。,C,L,.
2016,7,24,在主裡面而死的人有福了．#聖靈說、是的、#他們息了自己的勞苦、#作工的果效也隨著他們。,啟示錄14章13節,S,C,M,終身營役而不知生命#為何，令人惋惜。,C,L,.
2016,7,25,在我父的家裡、有許多住處．#若是沒有、我就早已告訴你們了．#我去原是為你們預備地方去。,約翰福音14章2節,S,C,M,只有住在神的居所是永久的。,C,L,.
2016,7,26,在收割初熟麥子的時候、#要守七七節（五旬節）．#又在年底要守收藏節。,出埃及記34章22節,S,C,M,「五旬節」記念聖靈降臨門徒身上，#使門徒得力量向別人傳揚福音。,C,L,.
2016,7,27,人活著，不是單靠食物，#乃是靠神口裡所出的一切話。,馬太福音4章4節,S,C,M,食物養活身體，#靈糧培養全人。,C,L,.
2016,7,28,我是葡萄樹，你們是枝子。常#在我裡面的，我也常在他裡面#，這人就多結果子；因為離了#我，你們就不能作甚麼。,約翰福音15章5節,S,C,M,葡萄是天然的抗氧化劑，#並有豐富維生素C和K。,C,L,.
2016,7,29,耶穌又對眾人說：#若有人要跟從我，就當捨己，#天天背起他的十字架來跟從我。,路加福音9章23節,S,C,M,我已經與基督同釘十字架，#現在活著的不再是我，#乃是基督在我裡面活著,C,L,加拉太書2章20節上
2016,7,30,我是耶和華 ─ 你們的神；#所以你們要成為聖潔，#因為我是聖潔的。,利未記11章44節,S,C,M,救恩是神給人免費的禮物。,C,L,.
2016,7,31,惟有聽從我的，必安然居住，#得享安靜，不怕災禍。,箴言1章33節,S,C,M,心裡平靜安穩，#遇上暴風雨也不用怕。,C,L,.
2016,8,1,你要專心仰賴耶和華，#不可倚靠自己的聰明。,箴言3章5節,S,C,M,蘇軾《東坡續集·洗兒》「人皆養#子望聰明，我被聰明誤一生。」#聰明是你追求卓越的標準嗎?,C,L,.
2016,8,2,我實在告訴你們，你們若有信心，#像一粒芥菜種，就是對這座山說：#你從這邊挪到那邊。他也必挪去；#並且你們沒有一件不能作的事了。,馬太福音17章20節,S,C,M,芥菜種的直徑約2毫米。,C,L,.
2016,8,3,萬軍之耶和華說：#不是倚靠勢力，不是倚靠才能，#乃是倚靠我的靈方能成事。,撒迦利亞書4章6節,S,C,M,掌管萬有的神是人唯一的倚靠。,C,L,.
2016,8,4,若不是耶和華建造房屋，#建造的人就枉然勞力；#若不是耶和華看守城池，#看守的人就枉然警醒。,詩篇127章1節,S,C,M,環保家裝修貼士：#選用低揮發性有機化合#物含量或水溶性漆料，#避免選用油性漆料。,C,L,.
2016,8,5,我觀看你指頭所造的天，#並你所陳設的月亮星宿，#便說：人算甚麼，你竟顧念他？#世人算甚麼，你竟眷顧他？,詩篇8章4節,S,C,M,感謝創天造地的主對每一個#微不足道的人的愛。難道人#需到太空才能看到、感受到？,C,L,.
2016,8,6,你們要靠主常常喜樂。#我再說，你們要喜樂。,腓立比書4章4節,S,C,M,長輩重複的說話，#要仔細聆聽哦!,C,L,.
2016,8,7,早晨要撒你的種，晚上也不#要歇你的手，因為你不知道#那一樣發旺，或是早撒的，#或是晚撒的，或是兩樣都好。,傳道書11章6節,S,C,M,不要急在一時，#萬事皆有定律。,C,L,.
2016,8,8,你要保守你心，勝過保守一切，#因為一生的果效是由心發出。,箴言4章23節,S,C,M,「怎樣思想，就有怎樣的生活。」,C,L,愛默生(Ralph Emerson)
2016,8,9,懶惰人哪，你要睡到幾時呢？#你何時睡醒呢？,箴言6章9節,S,C,M,閉起眼睛並不是好方法，#鼓起勇氣真誠面對它吧！,C,L,.
2016,8,10,但我倚靠你的慈愛；#我的心因你的救恩快樂。,詩篇13章5節,S,C,M,我雖面對痛苦、困惑。#但我倚靠你的慈愛；#我的心因你的救恩快樂。,C,L,.
2016,8,11,神啊，求你按你的慈愛憐恤我！#按你豐盛的慈悲塗抹我的過犯！,詩篇51章1節,S,C,M,小傷口在止血後塗上凡士林，#有助細胞修復癒合。,C,L,.
2016,8,12,因為在你那裡有生命的源頭；#在你的光中，我們必得見光。,詩篇36章9節,S,C,M,白光透過三稜鏡產生色散後，#便形成了可見的七色光譜。#你的人生也譜出七色了嗎?,C,L,.
2016,8,13,要稱謝耶和華，#因他本為善；#他的慈愛永遠長存！,詩篇106章1節,S,C,M,蜜糖是一種不會變壞的食物。迦#南被指為一個「流奶與蜜」的應#許之地，蜂蜜被視作豐饒的象徵。,C,L,.
2016,8,14,不要愛世界和世界上的事。#人若愛世界，#愛父的心就不在他裡面了。 ,約翰一書2章15節,S,C,M,常存一顆火熱愛神的心，#不要貪戀俗世。,C,L,.
2016,8,15,你們親近神，#神就必親近你們。,雅各書4章8節,S,C,M,安静、反省己過，常常親近神，#向神支取力量，抵擋魔鬼。,C,L,.
2016,8,16,務要在主面前自卑，#主就必叫你們升高。,雅各書4章10節,S,C,M,三人行，必有我師。#多聽取別人的意見。,C,L,.
2016,8,17,我們若認自己的罪，#神是信實的，是公義的，#必要赦免我們的罪，#洗淨我們一切的不義。,約翰一書1章9節,S,C,M,人最可悲的是#犯了罪卻不自知。,C,L,.
2016,8,18,人出去作工、#勞碌直到晚上。,詩篇104章23節,S,C,M,我們是「Human Being」，#不是「Human Doing」。#神想你做什麼？,C,L,.
2016,8,19,殷勤不可懶惰，#要心裏火熱，#常常服事主。,羅馬書12章11節,S,C,M,不要解釋「懶惰」，#主知道的。,C,L,.
2016,8,20,學習行善，尋求公平，#解救受欺壓的；#給孤兒伸冤，為寡婦辨屈。,以賽亞書1章17節,S,C,M,這些「行動」都是耶和華的訓誨。,C,L,.
2016,8,21,求祢指教我們怎樣#數算自己的日子，#好叫我們得著智慧的心。,詩篇90章12節,S,C,M,時間流逝不可改，#生命豐盛心可演。,C,L,.
2016,8,22,你們都是光明之子，#都是白晝之子；#我們不是屬黑夜的，#也不是屬幽暗的。,帖撒羅尼迦前書5章5節,S,C,M,活在光明，#天天都活得健康、美好、豐盛。,C,L,.
2016,8,23,我知道怎樣處卑賤、也知道#怎樣處豐富、或飽足、或飢#餓、或有餘、或缺乏、隨事#隨在、我都得了秘訣。,腓立比書4章12節,S,C,M,你必須學會「靠主」，#無論在甚麼景況、都可以知足。,C,L,.
2016,8,24,耶穌嘗了那醋、就說、#成了．#便低下頭、將靈魂交付神了。,約翰福音19章30節,S,C,M,耶穌說「成了」。#對我們是何等重要。,C,L,.
2016,8,25,我差你們去、#如同羊進入狼群、#所以你們要靈巧像蛇、#馴良像鴿子。#,馬太福音10章16節,S,C,M,憑什麼價值觀可出淤泥而不染，#濯清漣而不妖呢？,C,L,.
2016,8,26,你們該效法我、#像我效法基督一樣。,哥林多前書11章1節,S,C,M,你擁有基督那一種品格。,C,L,.
2016,8,27,我無論在甚麼景況，#都可以知足，#這是我已經學會了。,腓立比書4章11節,S,C,M,有而不知止，#失其所以有。,C,L,史記
2016,8,28,你們所遇見的試探，無#非是人所能受的。神是#信實的，必不叫你們受#試探過於所能受的；,哥林多前書10章13節,S,C,M,如果沒有數以百萬計的#小雨點在陽光下穿梭，#彩虹就不會出現。,C,L,.
2016,8,29,忽然起了暴風…,馬可福音4章37節,S,C,M,「暴風」來了，你心裡膽怯，#還是有從神而來的平安？,C,L,.
2016,8,30,你或向左、或向右，#你必聽見後邊有聲音說，#這是正路，要行在其間。,以賽亞書30章21節,S,C,M,我的心啊！你要靜下來，#主有話跟我說！,C,L,.
2016,8,31,等候耶和華的、必從新得力、#他們必如鷹展翅上騰、#他們奔跑卻不困倦、#行走卻不疲乏。,以賽亞書40章31節,S,C,M,如鷹展翅，沒有重擔。#行走奔跑，已有方向。,C,L,.
2016,9,1,你們饒恕人的過犯、#你們的天父也必饒恕你們的過犯。,馬太福音6章14節,S,C,M,當你用一根手指指向別人時，#留意剩下的手指是指向誰。,C,L,.
2016,9,2,但以理從坑裡被繫上來．#身上毫無傷損，#因為信靠他的神。,但以理書6章23節,S,C,M,災禍中得勝比脫離災禍#更顯你的信心、神的大能,C,L,.
2016,9,3,不先商議、所謀無效．#謀士眾多、所謀乃成。,箴言15章22節,S,C,M,要折斷一捆箭比起#單獨折斷一支箭難上百倍!,C,L,.
2016,9,4,你必汗流滿面纔得糊口、#直到你歸了土、因為你是從土而出的．#你本是塵土、仍要歸於塵土。,創世記3章19節,S,C,M,肉身必要返回塵土。,C,L,.
2016,9,5,你們要事奉耶和華你們的神、#他必賜福與你的糧、與你的水、#也必從你們中間除去疾病。,出埃及記23章25節,S,C,M,祂是生死病患禍福的主宰。,C,L,.
2016,9,6,凡我所疼愛的，#我就責備管教他。,啟示錄3章19節,S,C,M,法利賽人是被「分別出來」的人，#他們認為自己是先知與摩西#律法解釋的權威,C,L,.
2016,9,7,你手若有行善的力量、#不可推辭、#就當向那應得的人施行。,箴言3章27節,S,C,M,撒都該人不同法利賽人，#因為他們不相信復活，#天使及靈魂。,C,L,.
2016,9,8,只是你們要行道、#不要單單聽道、#自己欺哄自己．,雅各書1章22節,S,C,M,宏大的理想乃須#身體力行去實踐。,C,L,.
2016,9,9,在你們中間、#誰願為首、#就必作眾人的僕人。,馬可福音10章44節,S,C,M,工作之後，關係更好，#還是退步了？,C,L,.
2016,9,10,所以無論何事、#你們願意人怎樣待你們、#你們也要怎樣待人,馬太福音7章12節,S,C,M,己所不欲、勿施於人。,C,L,孔子
2016,9,11,…以永遠的愛、#愛你…,耶利米書31章3節,S,C,M,愛是名詞，也是動詞。,C,L,.
2016,9,12,我想現在的苦楚，#若比起將來要顯於我們的榮耀，#就不足介意了。,羅馬書8章18節,S,C,M,患難與困苦是磨練#人格的最高學府。,C,L,蘇格拉底
2016,9,13,堅守我們所承認的指望、#不至搖動．#因為那應許我們的是信實的．,希伯來書10章23節,S,C,M,食物大約在60秒到達胃部，#在胃中停留2～4小時，#但經過24～72小時才排出體外。,C,L,.
2016,9,14,得著生命的、#將要失喪生命．#為我失喪生命的、#將要得著生命。,馬太福音10章39節,S,C,M,沙丁魚可提供維他命D，#及防止心血管病。,C,L,.
2016,9,15,耶穌說、我的食物#就是遵行差我來者的旨意、#作成他的工。,約翰福音4章34節,S,C,M,一個人的價值，#應當看他貢獻什麼？#而不應該看他取得什麼。,C,L,愛因斯坦
2016,9,16,作工的得工價、不算恩典、#乃是該得的、惟有不作工的、#只信稱罪人為義的神、#他的信就算為義。,羅馬書4章4節,S,C,M,人無遠慮，必有近憂。#人有盼望，必無苦困。,C,L,.
2016,9,17,要聽教訓、#就得智慧、#不可棄絕。,箴言8章33節,S,C,M,花生容易受潮發霉，#產生致敏原，請放置於低溫、#乾燥的地方。,C,L,.
2016,9,18,你們要時時儆醒、常常#祈求、使你們能逃避這#一切要來的事、得以站#立在人子面前。,路加福音21章36節,S,C,M,如果你想做某件事，你會找出方法。#反之，你會找出藉口。,C,L,.
2016,9,19,這巴拿巴原是個好人、#被聖靈充滿、#大有信心．#於是有許多人歸服了主。,使徒行傳11章24節,S,C,M,「巴拿巴」就是勸慰之子。,C,L,.
2016,9,20,你當竭力、#在神面前得蒙喜悅、#作無愧的工人、#按著正意分解真理的道。,提摩太後書2章15節,S,C,M,這世界需要的工作，#也是你最喜愛的工作，#這是你的任務所在。,C,L,.
2016,9,21,你們不可偷盜、#不可欺騙、#也不可彼此說謊。,利未記19章11節,S,C,M,事發前所說的話是理據，#事發後所說的話是藉口。,C,L,.
2016,9,22,豈不知你們的身子#就是聖靈的殿嗎？,哥林多前書6章19節,S,C,M,要保持身體健康。#白蘿蔔可健胃消食，#能緩解腹脹不適。,C,L,.
2016,9,23,於是對門徒說、#要收的莊稼多、#作工的人少．,馬太福音9章37節,S,C,M,以工作謀取生活的，#也是這世界所需要的，#這是你的使命所在。,C,L,.
2016,9,24,基督耶穌降世，#為要拯救罪人。,提摩太前書1章15節,S,C,M,熱情、專業、任務及使命的所在，#正是我們來這世界的目的。,C,L,.
2016,9,25,你當領受他口中的教訓、#將他的言語存在心裡。,約伯記22章22節,S,C,M,成功不能得到教訓，#失敗才可以。,C,L,.
2016,9,26,智慧的價值無人能知、#在活人之地也無處可尋。,約伯記28章13節,S,C,M,我們看的是價值，#不是價格。,C,L,.
2016,9,27,基甸說、我不管理你們、#我的兒子也不管理你們．#惟有耶和華管理你們。,士師記8章23節,S,C,M,長處勝過別人，#仍須「管理」自己的長處勝過別人。,C,L,.
2016,9,28,將我們領進這地方、#把這流奶與蜜之地#賜給我們。,申命記26章9節,S,C,M,真正的蜜糖應有芬芳撲鼻的香氣，#如果只是甜味，糖份可能太多。,C,L,.
2016,9,29,二人若不同心，#豈能同行呢？,阿摩司書3章3節,S,C,M,同心是因，同行是果。,C,L,.
2016,9,30,我實在告訴你們、#他為這一隻羊歡喜、#比為那沒有迷路的#九十九隻歡喜還大呢。,馬太福音18章13節,S,C,M,我曾是那迷失的羊，感謝主#耶穌讓我回到上帝家中。,C,L,.
2016,10,1,施比受更為有福,使徒行傳20章35節,S,C,M,躺在床上的病人與#來幫助的義工#對此金句有更深的理解。,C,L,.
2016,10,2,神使我喜笑、#凡聽見的必與我一同喜笑。,創世記21章6節,S,C,M,猜一猜:#笑是正常的。,C,L,（猜聖經人物，明天揭曉）
2016,10,3,我的心哪、你為何憂悶、#為何在我裡面煩躁．應當仰望神．#因他笑臉幫助我、我還要稱讚他。,詩篇42章5節,S,C,M,笑使全身運動，讓筋骨#舒展，也可促進血液循#環，減壓和穩定情緒。,C,L,（「動腦筋」答案：哈該）
2016,10,4,耶和華豈有難成的事嗎？,創世記18章14節上,S,C,M,事情的看法總有不同，#你的頭痛，藥房老闆有#另一種奇妙的感覺呢。,C,L,.
2016,10,5,與眾寡合的、#獨自尋求心願、#並惱恨一切真智慧。,箴言18章1節 ,S,C,M,除了朋友，敵人坦白的說話，#也能提醒行事。,C,L,.
2016,10,6,你要盡心、盡性、#盡意、愛主你的神。,馬太福音22章37節,S,C,M,最大的誡命不是頭腦的知識，#是生命的教條，也是生活的方式。,C,L,.
2016,10,7,只要心裡尊主基督為聖．#有人問你們心中盼望的緣由、#就要常作準備、#以溫柔敬畏的心回答各人．,彼得前書3章15節,S,C,M,考試丶見工、約會需預先準備。#為主耶穌做事，更必須預備妥當。,C,L,.
2016,10,8,人若無有、#自己還以為有、#就是自欺了。,加拉太書6章3節,S,C,M,網絡世界自欺欺人的舉#動：「我已看過並同意。」,C,L,.
2016,10,9,心懷二意的人、#在他一切所行的路上、#都沒有定見。,雅各書1章8節,S,C,M,有神帶領的道路#是有「主」見的。,C,L,.
2016,10,10,只要心裡尊主基督為聖。#有人問你們心中盼望的緣由，#就要常作準備，以溫柔、#敬畏的心回答各人；,彼得前書3章15節,S,C,M,每人的位份雖不同，重要是#並冇高低之分，只有大家為#不同崗位作好的準備而已。,C,L,.
2016,10,11,七月十五日是住棚節、#要在耶和華面前守這節七日。,利未記23章34節,S,C,M,「住棚節」記念耶和華在以色列#人在曠野中漂流四十年期間所住#的棚屋，並供養了飲食。,C,L,.
2016,10,12,少年人用甚麼潔淨他的#行為呢．是要遵行你的話。,詩篇119章9節,S,C,M,早於公元前23世紀時，#已有泥板上記載製造肥皂#清潔衣服的公式。,C,L,.
2016,10,13,人子來、不是要受人的服事、#乃是要服事人．並且要捨命、#作多人的贖價。,馬太福音20章28節,S,C,M,猜一猜:#七月出生,C,L,（猜聖經人物，明天揭曉）
2016,10,14,我只怕你們的心或偏於#邪、失去那向基督所存#純一清潔的心、就像蛇#用詭詐誘惑了夏娃一樣。,哥林多後書11章3節,S,C,M,不要高估自己對抗誘惑的能力。,C,L,（「動腦筋」答案：夏娃）
2016,10,15,最要緊的是彼此切實相愛。#因為愛能遮掩許多的罪。,彼得前書4章8節,S,C,M,在耶穌基督裡，我們都是罪人，#沒有什麼可持勝過別人。,C,L,.
2016,10,16,不輕易發怒的，勝過勇士；#治服己心的，強如取城。,箴言16章32節,S,C,M,合桃含鈣及鎂，有減壓作用，#維持好心情。,C,L,.
2016,10,17,不以惡報惡，以辱罵還辱罵，#倒要祝福；因你們是為此蒙召，#好叫你們承受福氣。,彼得前書3章9節,S,C,M,以惡報惡是沒有主見，#隨波逐流的行為。,C,L,.
2016,10,18,神是信實的，必不叫你們受#試探過於所能受的；在受試#探的時候，總要給你們開一#條出路，叫你們能忍受得住。 ,哥林多前書10章13節,S,C,M,在試探的場境下，#你是有選擇權的。,C,L,.
2016,10,19,朋友乃時常親愛，#弟兄為患難而生。,箴言17章17節,S,C,M,人的生活離不開友誼，#但要得到真正的友誼才是不容易；#(明天續),C,L,.
2016,10,20,你們要將一切的憂慮卸給神，#因為他顧念你們。,彼得前書5章7節,S,C,M,友誼總需要忠誠去播種，#用熱情去灌溉，用原則去培養，#用諒解去護理。 ,C,L,馬克思
2016,10,21,每早晨，這都是新的；#你的誠實極其廣大！ ,耶利米哀歌3章23節,S,C,M,早晨起來，已是感恩。,C,L,.
2016,10,22,你們的話，是，就說是；不#是，就說不是。若再多說，#就是出於那惡者。,馬太福音5章37節,S,C,M,笑話一則：#小明的父親責備他偷吃糖果。#小明回答：「是我肚子要吃，#不是我。」,C,L,.
2016,10,23,人活著不是單靠食物，而#是靠耶和華口裏所出的一#切話。,申命記8章3節下,S,C,M,請用心謝飯禱告，主在聽。,C,L,.
2016,10,24,神要擦去他們一切的眼淚；#不再有死亡，也不再有悲哀#、哭號、痛苦，因為#先前的事都過去了。,啟示錄21章4節,S,C,M,眼淚(希臘文penthos)代表哀慟，#是最強的哀傷，是失去親人，#所愛而流出的。,C,L,.
2016,10,25,你們要謹慎自守、#免去一切的貪心．#因為人的生命、#不在乎家道豐富。,路加福音12章15節下,S,C,M,請不要躺臥病床時#才悟出生命的意義。,C,L,.
2016,10,26,聰明人的心得知識；#智慧人的耳求知識。,箴言18章15節,S,C,M,我們需要一顆受教的心，#和一個受教的耳朵。,C,L,.
2016,10,27,靜默有時、#言語有時．,傳道書3章7節下,S,C,M,對事情不了解時，耳朵可以聽，#眼可以看，但嘴巴要小心說。,C,L,.
2016,10,28,你們無論做甚麼，#都要從心裏做，#像是給主做的，#不是給人做的。,歌羅西書3章23節,S,C,M,為主做事，挺起胸膛，#無畏無懼，勇敢向前。,C,L,.
2016,10,29,你們要恆切禱告，#在禱告中警醒感恩。,歌羅西書4章2節,S,C,M,恆切禱告不只不斷的祈#求，還要持續不斷地依#靠天父，與祂交通。,C,L,.
2016,10,30,聖經都是神所默示的、#於教訓、督責、使人歸正、#教導人學義、都是有益的．,提摩太後書3章16節,S,C,M,驕傲、自以為是，是溝通的#最大障礙；禱告開始時，求#神幫助，拿開這些障礙。,C,L,.
2016,10,31,耶和華對該隱說、#你為甚麼發怒呢、#你為甚麼變了臉色呢．,創世記4章6節,S,C,M,發怒了。請找出原因。#想一想神要你學習什麼。,C,L,.
2016,11,1,你們若遵行我所吩咐的，#就是我的朋友了。,約翰福音15章14節,S,C,M,「朋友」代表著上帝對人的接納，#以及祂與人之間一份關係的肯定。,C,L,.
2016,11,2,你們常存忍耐、#就必得生命。,路加福音21章19節,S,C,M,食物篇：#大部份豆類食物含有有毒物質，#必須高溫徹底烹煮。,C,L,.
2016,11,3,膏油與香料使人心喜悅，#朋友誠心的勸勉也是如此甘美。,箴言27章9節,S,C,M,食物篇：#疏菜被蟲子咬過未必安全，有些#農夫可能因為菜被咬，加重了農#藥。無論如何，請徹底清洗。,C,L,.
2016,11,4,應當更加殷勤、使你們所蒙的#恩召和揀選堅定不移．你們#若行這幾樣、就永不失腳。,彼得後書1章10節下,S,C,M,認為自己對事物熟識，#會導致輕視，甚至狂妄。,C,L,.
2016,11,5,你們要留意聽從我#的話，就能吃那美物，#得享肥甘，心中喜樂。,以賽亞書55章2節,S,C,M,食物篇：#脂肪組織經過低溫、長時間加熱後，#會與其他成份結合產生香味。,C,L,.
2016,11,6,因為人子來，並不是要受人#的服事，乃是要服事人。,馬可福音10章45節上,S,C,M,護理病人時，與他寒暄，#關心問候，同樣的工作，#雙倍的果效。,C,L,.
2016,11,7,凡事包容,哥林多前書13章7節,S,C,M,你有沒有錯？,C,L,.
2016,11,8,凡事相信,哥林多前書13章7節,S,C,M,懷疑神已忘記你？#還是祂有更好的安排！,C,L,.
2016,11,9,凡事盼望,哥林多前書13章7節,S,C,M,凡事盼望，多數人也不會否定； #但盼望的基礎來自什麼？,C,L,.
2016,11,10,凡事忍耐,哥林多前書13章7節,S,C,M,神容忍你多久？#你不能容忍一刻嗎？,C,L,.
2016,11,11,我是葡萄樹、你們是枝子．#常在我裡面的、我也常在他裡面、#這人就多結果子．,約翰福音15章5節上,S,C,M,葡萄樹有兩種枝子，一種結葡萄；另#一種不會。所以必須經常把不結果子#的枝葉剪掉， 免得消耗了樹的養分。,C,L,.
2016,11,12,彼得說、#眾人雖然為你的緣故跌倒、#我卻永不跌倒。,馬太福音26章33節,S,C,M,「彼得」不能遵守自己說出的#承諾。三次不認主。承諾前要三思。,C,L,.
2016,11,13,操練身體、益處還少．#惟獨敬虔、凡事都有益處．#因有今生和來生的應許．,提摩太前書4章8節,S,C,M,體格可在跑步機上訓練，#但靈命卻不能原地踏步。,C,L,.
2016,11,14,耶穌從那裡往前走、看見一#個人名叫馬太、坐在稅關上#、就對他說、你跟從我來．#他就起來、跟從了耶穌。,馬太福音9章9節,S,C,M,天下父母能一叫「起來吧！」，#小朋友便能即時起床，太美妙了!,C,L,.
2016,11,15,你們要查考宣讀耶和華的書 ,以賽亞書34章16節,S,C,M,笑話一則：#小明說：「讀中文聖經的人比讀英文更接#近神。」大明說：「點解？」小明回答：#「因為他們由上而下看，一直點頭。」,C,L,.
2016,11,16,我們愛，#因為神先愛我們。,約翰一書4章19節,S,C,M,嘗試以主耶穌為榜樣，#踏出第一步，勇敢去愛。,C,L,.
2016,11,17,我總不撇下你、#也不丟棄你。,希伯來書13章5節下,S,C,M,有人攻擊你、陷害你，#但不要忘記：#一定有支持你的人！,C,L,.
2016,11,18,一塊乾餅，大家相安；#勝過宴席滿屋，大家相爭。,箴言17章1節,S,C,M,食物篇：#輕輕撕一下便破的用完即棄#餐盒，質量不可靠。,C,L,.
2016,11,19,人人吃喝、#在他一切勞碌中享福．#這也是神的恩賜。,傳道書3章13節,S,C,M,食物篇：#開水泡茶，如放置半小時後#，發現上淺下深顏色，可能#加入化學染料。,C,L,.
2016,11,20,不要為明天憂慮,馬太福音6章34節,S,C,M,誰了解 此時我心#正欲言 但不語#(明天續),C,L,.
2016,11,21,不要為生命憂慮,馬太福音6章25節,S,C,M,誰會知 心靈痛楚#像是千斤重枷鎖,C,L,歌詞-上帝聽我禱告
2016,11,22,應當一無掛慮,腓立比書4章6節,S,C,M,神已經為我們預備了，#不用憂慮；#生命由神掌控，不用憂慮。,C,L,.
2016,11,23,所以你們或喫或喝、#無論作甚麼、#都要為榮耀神而行。,哥林多前書10章31節,S,C,M,喫或喝，不止充饑、不止解喝。#要去享受，還要感恩。,C,L,.
2016,11,24,主將得救的人、#天天加給他們。,使徒行傳2章47節,S,C,M,如主給你更多，你做#好預備去迎接嗎？,C,L,.
2016,11,25,不要怕，只要信！,馬可福音5章36節下,S,C,M,要彼此「肯定」，#而不要彼此「否定」,C,L,.
2016,11,26,求你賜我悟性、#我便遵守你的律法．#且要一心遵守。,詩篇119章34節,S,C,M,猜一猜:#攜帶大量讀物。,C,L,（猜聖經卷名，明天揭曉）
2016,11,27,你當受勸戒．#著書多、沒有窮盡．#讀書多、身體疲倦。,傳道書12章12節,S,C,M,資訊氾濫，沒有窮盡。#上網太多，身體疲倦。,C,L,（「動腦筋」答案：提多書）
2016,11,28,愛是永不止息．先知講道之能、#終必歸於無有．說方言之能、#終必停止、知識也終必歸於無有。,哥林多前書13章8節,S,C,M,先了解，後諒解。#這是愛的表現。,C,L,.
2016,11,29,人點燈，不放在斗底下，#是放在燈臺上，#就照亮一家的人。,馬太福音5章15節,S,C,M,光和暗是對立的。一間#黑暗的房子，只要一開#燈，黑暗就消失。,C,L,.
2016,11,30,好施捨的、必得豐裕．#滋潤人的、必得滋潤。,箴言11章25節,S,C,M,不要彼此「要求」，#而要彼此「代求」,C,L,.
2016,12,1,聰明人的心得知識．#智慧人的耳求知識。,箴言18章15節,S,C,M,智慧是聰明，人生經驗#和歷練的累積。,C,L,.
2016,12,2,慈愛和誠實，彼此相遇，#公義和平安，彼此相親。,詩篇85章10節,S,C,M,不強求虛名，#一切以平常心吧。,C,L,.
2016,12,3,我必安然躺下睡覺、#因為獨有你耶和華#使我安然居住。,詩篇4章8節,S,C,M,靈裏安穩，舒適入睡。,C,L,.
2016,12,4,耶穌拿著這五個餅、兩條魚#⋯⋯他們就吃、並且都吃飽了,路加福音9章16節,S,C,M,耶穌基督體恤我們的缺乏，#願意供應我們的需要。,C,L,.
2016,12,5,謹守誡命的、保全生命．#輕忽己路的、必致死亡。,箴言19章16節,S,C,M,按照神心意去生活。,C,L,.
2016,12,6,神阿、你的意念向我何等寶貴．#其數何等眾多。我若數點、#比海沙更多．我睡醒的時候、#仍和你同在。,詩篇139章17節,S,C,M,神的恩典比海沙更多。沒有海沙，#只有尖石，憂愁、恐懼將至。,C,L,.
2016,12,7,你們要嘗嘗主恩的滋味，#便知道他是美善；#投靠他的人有福了！,詩篇34章8節,S,C,M,嘗主恩的滋味就如看見美食#當前，一試滋味無窮。,C,L,.
2016,12,8,鹽本是好的、若失了味、#可用甚麼叫他再鹹呢。#你們裡頭應當有鹽、彼此和睦。,馬可福音9章50節,S,C,M,不論鹽或基督徒，#存在是有其目的。,C,L,.
2016,12,9,凡事我都可行．但不都有益處。#凡事我都可行、但無論那一件、#我總不受他的轄制。,哥林多前書6章12節,S,C,M,廢寢忘食的習慣#對身心靈都沒有好處。,C,L,.
2016,12,10,愛裡沒有懼怕．愛既完全、#就把懼怕除去．#因為懼怕裡含著刑罰．#懼怕的人在愛裡未得完全。,約翰一書4章18節,S,C,M,因為主耶穌的愛#使我們的罪被赦免了，#還懼怕什麼?,C,L,.
2016,12,11,良言如同蜂房、#使心覺甘甜、#使骨得醫治。,箴言16章24節,S,C,M,笑話一則：#甲問：「你們賣的蜂蜜都是密封的嗎？」#乙答：「對，沒有其他昆蟲。」,C,L,.
2016,12,12,若全身是眼、從那裡聽聲呢．#若全身是耳、從那裡聞味呢。,哥林多前書12章17節,S,C,M,我們不是每件事情的主角，#但在神的帶領下，#我們擔當了重要的角色。,C,L,.
2016,12,13,從來沒有人恨惡自己的身子、#總是保養顧惜、#正像基督待教會一樣．,以弗所書5章29節上,S,C,M,眼睛要保護。每書寫、閱讀，#用電腦等活動30分鐘，須望#遠處，休息5至10分鐘。,C,L,.
2016,12,14,耶和華不像人看人、#人是看外貌、#耶和華是看內心。,撒母耳記上16章7節,S,C,M,我們不應因種族、膚色#、好醜評價人；需尊重#且平等地對待他人。,C,L,.
2016,12,15,耶和華如此說、你們雖不見風、#不見雨、這谷必滿了水、#使你們、和牲畜有水喝。,列王記下3章17節,S,C,M,猜一猜:#風吹試卷。,C,L,（猜聖經人物，明天揭曉）
2016,12,16,現在有雲遮蔽、#人不得見穹蒼的光亮．#但風吹過、天又發晴。,約伯記37章21節,S,C,M,當被風吹時，眼睛有如#被洋蔥刺激的刺痛感，#可能患上乾眼症了。,C,L,（「動腦筋」答案：司提反）
2016,12,17,死了的人都憑著這些#案卷所記載的、照他#們所行的受審判。,啟示錄20章12節,S,C,M,因信耶穌基督，而被稱義的，#會在新天新地享受永生。,C,L,.
2016,12,18,沒有異象、民就放肆．,箴言29章18節,S,C,M,領袖能憑異象或使命#帶來生活中的真正改變。,C,L,.
2016,12,19,一樣的人民、都是一樣的#言語、如今既作起這事來#、以後他們所要作的事、#就沒有不成就的了。,創世記11章6節,S,C,M,婚前彼此溝通，了解更多。#婚後更要溝通，互相體諒。,C,L,.
2016,12,20,你為許多的事、思慮煩擾．#但是不可少的只有一件...,路加福音10章41節,S,C,M,方向正確的辛勞，帶來貢獻，#忙亂工作，徒勞無功。#安靜與神對話，得力在乎平靜安穩。,C,L,.
2016,12,21,我們相愛，不要只在言語和舌#頭上，總要在行為和誠實上。,約翰一書3章18節,S,C,M,除了愛情，還有親情、#友情及恩情； 不要吝嗇，#去愛身邊的人。,C,L,.
2016,12,22,回答柔和、使怒消退．#言語暴戾、觸動怒氣。,箴言15章1節,S,C,M,己所不欲，勿施於人。,C,L,.
2016,12,23,報福音、傳喜信的人，#他們的腳蹤何等佳美！,羅馬書10章15節下,S,C,M,再好的腳印也會被沖去，只有不#斷的報福音、不斷的傳喜信，才#不會失去腳蹤。努力！,C,L,.
2016,12,24,人子來是要尋找#和拯救失喪的人。,路加福音19章10節,S,C,M,迷羊若不被領回到羊圈裏來，#牠就流離，被野獸吃掉。,C,L,.
2016,12,25,這是耶和華所定的日子，#我們在其中要高興歡喜！,詩篇118章24節,S,C,M,這個日子是什麼？#這個日子，就是我們得救的日子。,C,L,.
2016,12,26,你們不要自欺．#濫交是敗壞善行。,哥林多前書15章33節,S,C,M,恆常閱讀神的話語#是你最佳的保護傘。,C,L,.
2016,12,27,你手若有行善的力量、#不可推辭、#就當向那應得的人施行。,箴言3章27節,S,C,M,施比受更有福。,C,L,.
2016,12,28,只要有衣有食、#就當知足。,提摩太前書6章8節,S,C,M,食物篇：#涼拌番茄可放少許鹽能改變#糖酸比，使番茄更甜。,C,L,.
2016,12,29,快快的聽,雅各書1章19節,S,C,M,溝通要先聽：#停止活動、注視對方、確認所聽,C,L,.
2016,12,30,慢慢的說,雅各書1章19節,S,C,M,溝通要思想：#要事實、要正向、要交流,C,L,.
2016,12,31,為甚麼看見你弟兄眼中有刺、#卻不想自己眼中有梁木呢。,馬太福音7章3節,S,C,M,要彼此「扶持」，#而不要彼此「堅持」。,C,L,.
2015,1,1,我的心哪，你當默默無聲，專等候#神，因為我的盼望是從他而來。,詩篇62章5節,S,C,M,新年新盼望，#主恩永常在！,C,L,.
2015,1,2,惟獨他是我的磐石，我的拯救；#他是我的庇護所，我必不動搖。,詩篇62章6節,S,C,M,聖經人名大搜查：#彼得（Peter）：「磐石」。,C,L,.
2015,1,3,太陽還存，月亮猶在，#人要敬畏你，直到萬代！,詩篇72章5節,S,C,L,母親的話：#孩子，我願你擁#有樂觀的性格。,C,L,.
2015,1,4,願恩惠、平安從我們的父神#和主耶穌基督歸給你們！,腓利門書3節,L,C,S,享受主同在，#活出基督愛。,L,S,.
2015,1,5,凡事都是為了你們，好使恩惠既藉着#更多的人而加增，感恩也格外顯多，#好歸榮耀給神。,哥林多後書4章15節,L,C,S,生命的成長要用愛心灌溉，#用溫柔扶植，給空間發展，#感謝曾幫助我們的人。,L,S,.
2015,1,6,不要效法這個世界，只要心意更新而#變化，叫你們察驗何為神的善良、#純全、可喜悅的旨意。,羅馬書12章2節,S,C,S,生命的成長在於不斷學習，#進入內心檢視自己，重整自#己的看法和價值觀。,L,S,.
2015,1,7,為要裝備聖徒，做事奉的#工作，建立基督的身體。,以弗所書4章12節,S,C,L,沒有作繭的過程，沒有破繭的#一刻；裝備自己，為主所用。,C,L,.
2015,1,8,不可貪愛錢財，#要以自己所有的為滿足。,希伯來書13章5節上,S,C,L,「不足」推動人追求進步，#「知足」卻使人感到幸福。,C,L,.
2015,1,9,不要毀謗，不要爭吵，要#和氣，對眾人總要顯出溫柔。,提多書3章2節,S,C,L,與人合作，要放下#自己，顧及別人。,C,L,.
2015,1,10,並且人人吃喝，在他的一切勞碌#中享福，這也是神的賞賜。,傳道書3章13節,S,C,L,能夠享受勞動的成#果，是一種福氣。,C,L,.
2015,1,11,他們若聽從事奉他，#就必度日亨通，歷年享福。,約伯記36章11節,S,C,L,常懷信望愛，以#受託之心虔守。,C,L,   
2015,1,12,得智慧，得聰明的，#這人有福了。,箴言3章13節,S,C,L,想一想：#十二點。,C,L,（猜一字，明天揭曉）
2015,1,13,愛是恆久忍耐，又有恩慈。,哥林多前書13章4節上,S,C,L,婚姻篇：#忍耐謙讓，和諧到老。,C,S,（「想一想」答案：玉）  
2015,1,14,你們想要人怎樣待你們，#你們也要怎樣待人。,路加福音6章31節,S,C,L,摯友三品：#一如粥，能暖身暖心，不戚#戚於貧賤，不濟濟於富貴，#灰心時給予幫助和鼓勵。,L,S,.
2015,1,15,神看一切所造的，#看哪，都非常好。,創世記1章31節上,S,C,L,環保錦囊：#選購以再生材料及天#然染料製造的衣物。 ,C,L,.
2015,1,16,天屬你，地也屬你；世界和#其中所充滿的都為你所建立。,詩篇89章11節,S,C,L,聖經中的地名：#羅馬是古羅馬帝國的首#都，保羅的羅馬書是寫#給當時的羅馬信徒。,L,L,.
2015,1,17,我看重他口中的言語，#過於我需用的飲食。,約伯記23章12節下,S,C,L,適飲適食：#番茄炒蛋#功效：健胃消食、護膚、降血壓,C,L,.
2015,1,18,我喜樂，因人對我說：#「我們到耶和華的殿去。」,詩篇122章1節,S,C,L,準時返教會，與會眾#一同敬拜讚美神。,L,L,.
2015,1,19,既然你們因順從真理而潔淨了自己的#心靈，能真誠愛弟兄，就該以清潔的心#彼此切實相愛。,彼得前書1章22節,L,C,S,家事小貼士：#以濕布沾適量牙膏擦拭熨斗銹漬#後塗蠟燭，開動熨斗，待蠟溶掉#再塗蠟燭一次，即可去漬。,L,S,.
2015,1,20,耶和華神說：「那人單獨一個不好，#我要為他造一個配偶幫助他。」,創世記2章18節,S,C,M,老友記篇：#老伴：少年夫妻老來伴，#相伴一生到老才是重要。,C,L,.
2015,1,21,朋友時常親愛，#弟兄為患難而生。,箴言17章17節,S,C,L,世情篇：#喜歡你的人給了#你溫暖和勇氣。,C,L,.
2015,1,22,殷勤，不可懶惰。#要靈裏火熱；常常服侍主。,羅馬書12章11節,S,C,L,生命如燈，不明則滅，#欲要燈明，常要心熱。,C,L,（阿虫）
2015,1,23,人點燈，不放在斗底下，而是#放在燈臺上，就照亮一家的人。,馬太福音5章15節,S,C,M,把你的燈提高一點，#好照亮更多人的路。,C,L,（海倫凱勒）
2015,1,24,聰明人的心得知識；#智慧人的耳求知識。,箴言18章15節,S,C,L,教育篇：#教育的目的，不在應該思考#甚麼，而是教人怎樣思考。,C,L,.
2015,1,25,我實在告訴你們，凡要接受神國的，#若不像小孩子，絕不能進去。,馬可福音10章15節,S,C,M,神喜悅我們有一顆赤子之#心，單純愛他，聽他的話。,C,L,.
2015,1,26,人一切的勞碌操心，就是他在日光#之下所勞碌的，又得着了甚麼呢？,傳道書2章22節,S,C,M,當你持續說「非常忙碌」，#就永遠不會感到空閒。 ,L,L,.
2015,1,27,凡事都有定期，天下每一#事務都有定時。,傳道書3章1節,S,C,L,當你持續說「沒有時間」，#就永遠不會有時間。 ,L,L,.
2015,1,28,趁着白日，我們必須做#差我來的那位的工。,約翰福音9章4節上,S,C,L,當你持續說「這事明天再做」，#你的「明天」就永遠不會來。 ,L,L,.
2015,1,29,難道不知你們是神的殿，#神的靈住在你們裏面嗎？,哥林多前書3章16節,S,C,L,日行八千步，日飲八杯水，#日睡八小時，每餐八分飽。,C,L,.
2015,1,30,你要與神和好，要和平，#這樣，福氣必臨到你。,約伯記22章21節,S,C,L,平安是福！ ,C,L,.
2015,1,31,主怎樣饒恕了你們，#你們也要怎樣饒恕人。,歌羅西書3章13節下,S,C,L,百忍不如一恕。,C,L,（阿虫）
2015,2,1,神造萬物，各按其時成為美好，#又將永恆安放在世人心裏。,傳道書3章11節上,S,C,L,快樂啊，我活着，看着青天高，#枝兒迎風搖，鮮花朵朵好。,C,S,（《快樂生活歌》）
2015,2,2,人活多少年，就當快樂多少年，#然而也當想到黑暗的日子；因為這樣的#日子必多，所要來臨的全是虛空。,傳道書11章8節,L,C,S,金錢可以買到娛樂，#而不是快樂。,C,S,.
2015,2,3,我必平安地躺下睡覺，因為獨#有你──耶和華使我安然居住。,詩篇4章8節,S,C,L,金錢可以買到睡床，#而不是甜夢。,C,L,.
2015,2,4,敬畏耶和華是智慧的開端，#認識至聖者便是聰明。,箴言9章10節,S,C,L,金錢可以買到書籍資#料，而不是睿智穎慧。,C,L,.
2015,2,5,他改變時間、季節，他廢王，立王；#將智慧賜給智慧人，將知識賜給聰明人。,但以理書2章21節,S,C,M,金錢可以買到鐘錶，#而不是時間。,L,S,.
2015,2,6,你們所做的一切#都要憑愛心而做。,哥林多前書16章14節,S,C,L,金錢可以買到僕人的服務，#而不是同心的夥伴。,L,L,.
2015,2,7,神啊，求你為我造清潔的心，#使我裏面重新有正直的靈。,詩篇51章10節,S,C,L,金錢可以買到華麗的衣服，#而不是美麗的心靈。 ,L,L,.
2015,2,8,但我倚靠你的慈愛，#我的心因你的救恩快樂。,詩篇13章5節,S,C,L,晴天過，雨天到，雨過了，晴又#到，這樣的過生活，直到工作了。 ,C,S,（《快樂生活歌》）
2015,2,9,人活着，不是單靠食物，乃是#靠耶和華口裏所出的一切話。,申命記8章3節下,S,C,L,金錢可以買到食物，#而不是胃口。,L,L,.
2015,2,10,至於我和我家，#我們必定事奉耶和華。,約書亞記24章15節下,S,C,L,金錢可以買到房屋，#而不是家庭。,L,L,.
2015,2,11,從來沒有人恨惡自己的身體，#總是保養愛惜。,以弗所書5章29節上,S,C,L,金錢可以買到藥物，#而不是健康。,L,L,.
2015,2,12,我是好牧人，#好牧人為羊捨命。,約翰福音10章11節,S,C,L,聖經人名大搜查：#多加（Dorcas）：#「羚羊」。,L,L,.
2015,2,13,他必降臨，像雨降在已割的#草地上，如甘霖滋潤田地。,詩篇72章6節,S,C,L,母親的話：#孩子，我願你擁有足#夠的養分潤澤心靈。   ,C,L,.
2015,2,14,愛是永不止息。,哥林多前書13章8節上,S,C,L,真正的愛是無條件的，不望回#報、不計較，而且長久忍耐。,C,L,.
2015,2,15,每早晨，這都是新的；#你的信實極其廣大！,耶利米哀歌3章23節,S,C,L,最美好的一天──今天。,C,L,（德蘭修女）
2015,2,16,你們的罪雖像硃紅，必變成雪白；#雖紅如丹顏，必白如羊毛。,以賽亞書1章18節下,S,C,M,家事小貼士：#用兩杯醋混合4升半清水，#可清潔木地板或磚地板。,L,L,.
2015,2,17,敬虔加上知足就是大利。,提摩太前書6章6節下,S,C,L,幸福不是必然，有衣有食，就#當知足，更當心存感恩領受。,C,L,.
2015,2,18,得智慧勝過得金子，#選聰明強如選銀子。,箴言16章16節,S,C,L,想一想：#九個頭。,C,L,（猜一字，明天揭曉）
2015,2,19,這是耶和華所定的日子，#我們在其中要高興歡喜！,詩篇118章24節,S,C,L,無愁又無掛慮，前程在神手裏，#神恩豐富預備，歡欣添上一歲！,C,L,（「想一想」答案：馗）
2015,2,20,你們若遵行我所命令的，#就是我的朋友。,約翰福音15章14節,S,C,L,摯友三品：#二如水，君子之交淡如水，不過分#熱烈，默默相伴，若即若離亦不棄。,C,S,.
2015,2,21,天地都會消滅，你卻長存；天地都會像#外衣漸漸舊了。你要將天地如內衣更換，#天地就都改變了。,詩篇102章26節,L,C,S,環保錦囊：#盡量少購免燙或防皺衣物，因可#能添加了含致癌物的紡織助劑。,C,S,.
2015,2,22,主就是那靈；主的靈在哪裏，#哪裏就有自由。,哥林多後書3章17節,S,C,L,愛是生命，也是人#追求自由的基礎。,C,L,.
2015,2,23,耶和華啊，#遍地滿了你的慈愛。 ,詩篇119章64節上,S,C,L,聖經中的地名：#約旦河是巴勒斯坦最長的河流，耶#穌在這裏接受施洗約翰的洗禮。,L,L,.
2015,2,24,你們若甘心聽從，#必吃地上的美物。,以賽亞書1章19節,S,C,L,適飲適食：#淮杞蜜棗煲瘦肉湯#功效：健脾、潤燥,C,L,.
2015,2,25,我羨慕渴想耶和華的院宇，我的#內心，我的肉體向永生神歡呼。,詩篇84章2節,S,C,M,老友記篇：#老窩：父母的家永遠是子女的家，#而子女的家永遠不是父母的家。,L,L,.
2015,2,26,你們務要常存弟兄相愛的心。,希伯來書13章1節,S,C,L,世情篇：#你喜歡的人讓你#學會了愛和自持。,C,L,.
2015,2,27,不要貪睡，免致貧窮；#眼要睜開，就可吃飽。,箴言20章13節,S,C,L,教育篇：#此刻打瞌睡，你將做夢；#此刻學習，你將圓夢。 ,L,L,.
2015,2,28,凡事包容。,哥林多前書13章7節上,S,C,L,婚姻篇：#了解對方感受，站在對方立#場思考，才是真正懂得愛。,C,L,.
2015,3,1,諸天述說神的榮耀，#穹蒼傳揚他手的作為。,詩篇19章1節,S,C,L,樹木花草，蒼天碧海，這是天#父世界，罪惡雖然好像得勝，#天父卻仍掌管。,L,L,（《這是天父世界》）
2015,3,2,我知道，人除了終身喜樂#納福，沒有一件幸福的事。,傳道書3章12節,S,C,L,聖經人名大搜查：#約翰（John）：#「幸福之神」。,L,L,.
2015,3,3,我們都如羊走迷，各人偏行己路；#耶和華使我們眾人的罪孽都歸在他身上。,以賽亞書53章6節,S,C,S,最簡單的事──犯錯。,C,S,（德蘭修女）
2015,3,4,你不要害怕，因為我與你同在；#不要驚惶，因為我是你的神。,以賽亞書41章10節上,S,C,L,最大的阻礙──害怕。,C,L,（德蘭修女）
2015,3,5,我們愛，因為神先愛我們。,約翰一書4章19節,S,C,L,愛情花兒不停落下，有人一#生應接不暇，有人終生漏接。,L,L,（幾米）
2015,3,6,在你面前有滿足的喜樂，#在你右手中有永遠的福樂。,詩篇16章11節下,S,C,L,母親的話：#孩子，我願你擁有足夠的幸#福，使你的心靈保持活力。   ,C,L,.
2015,3,7,求你用牛膝草潔淨我，我就乾淨；#求你洗滌我，我就比雪更白。,詩篇51章7節,S,C,M,家事小貼士：#把三杯白醋倒進廁盤，#半小時後沖水，可除臭味。,L,L,.
2015,3,8,魅力是虛假的，美貌是虛浮的；#惟敬畏耶和華的婦女必得稱讚。,箴言31章30節,S,C,M,做個「三獨」婦女：#思想獨立，能力獨立，#經濟獨立。,C,L,.
2015,3,9,我要教導你，指示你當行的路，#我要定睛在你身上勸戒你。,詩篇32章8節,S,C,L,關鍵的選擇，決定一生；#細小的選擇，影響心情。,L,L,.
2015,3,10,弟兄們，你們不要彼此埋怨，#免得受審判。,雅各書5章9節上,S,C,L,不要抱怨，努力改變#才是正確的選擇。,L,L,.
2015,3,11,人心籌算自己的道路；#惟耶和華指引他的腳步。,箴言16章9節,S,C,L,過去的選擇造就了現在，#現在的選擇決定未來。,L,L,.
2015,3,12,敬畏耶和華是智慧的開端，#凡遵行他命令的有美好的見識。#耶和華是永遠當讚美的！,詩篇111章10節,L,C,S,想一想：#六十天。,C,S,（猜一字，明天揭曉）
2015,3,13,至於我和我家，#我們必定事奉耶和華。,約書亞記24章15節下,S,C,L,婚姻篇：#婚前要理性，婚後要感性。,C,L,（「想一想」答案：朋） 
2015,3,14,因為神不是叫人混亂，#而是叫人和諧的神。,哥林多前書14章33節上,S,C,L,摯友三品：#三如茶，如茶之友能陶冶你，#彼此無需言語亦能相知相融。,C,L,.
2015,3,15,所以，你們既是神的選民，#聖潔、蒙愛的人，要穿上憐憫、#恩慈、謙虛、溫柔和忍耐。,歌羅西書3章12節,L,C,M,求主擴闊我們的心，即使#忙碌仍有空間接納他人。,C,L,.
2015,3,16,天地照你的典章存到今日；#萬物都是你的僕役。,詩篇119章91節,S,C,L,環保錦囊：#用廢紙或雙面影印，#信封可多次使用。,L,L,.
2015,3,17,我造大地，又創造人在地上。,以賽亞書45章12節上,S,C,L,聖經中的地名：#埃及是古代近東一個重要的強國，#在以色列的歷史中擔當了重要角色#（創37-50章；出1-15章）。 ,L,L,.
2015,3,18,疲乏的人，我使他振作；#愁煩的人，我使他滿足。,耶利米書31章25節,S,C,L,最嚴重的錯誤──自暴自棄。,C,L,（德蘭修女）
2015,3,19,人若賺得全世界，賠上自己的生命，#有甚麼益處呢？人還能拿甚麼換生命呢？,馬太福音16章26節,S,C,M,不甘放下的，往往不是值得珍惜的；#苦苦追求的，往往不是生命需要的。,C,S,.
2015,3,20,你們要嘗嘗主恩的滋味，便知道#他是美善；投靠他的人有福了！,詩篇34章8節,S,C,M,適飲適食：#蝦仁炒青瓜#功效：滋陰補血、益氣健脾、養胃,C,S,.
2015,3,21,若有人在基督裏，他就是新造的#人，舊事已過，都變成新的了。,哥林多後書5章17節下,S,C,M,做個「三忘」人：#忘記年齡、忘記病痛、忘記恩怨。,C,S,.
2015,3,22,耶穌說：「在人所不能的事，#在神都能。」,路加福音18章27節,S,C,L,感謝主，讓不可能的變為可能，#使我得享永生。,L,L,.
2015,3,23,願主引導你們的心去愛神，#並學基督的忍耐！ ,帖撒羅尼迦後書3章5節,S,C,L,人人要「三養」：#修養、涵養、保養。,L,L,.
2015,3,24,清心的人有福了！#因為他們必得見神。,馬太福音5章8節,S,C,L,心靜，才能聽見自己的心聲；#心清，才能看見萬物的本性。,C,L,.
2015,3,25,有人至死身體強壯，#盡得平順安逸。,約伯記21章23節,S,C,L,老友記篇：#老本：身體健康，既是#財富也是自立的本錢。,C,L,.
2015,3,26,我的心哪，你為何憂悶？為何#在我裏面煩躁？應當仰望神。,詩篇42章11節上,S,C,L,心情不是生活的全部，卻能左右#生活；控制心情，生活才會平和。,L,L,.
2015,3,27,你們想要人怎樣待你們，#你們也要怎樣待人。,路加福音6章31節,S,C,L,世情篇：#你不喜歡的人教曉你寬容和尊重。,C,L,.
2015,3,28,我用智慧專心探尋、#考察天下所發生的一切事。,傳道書1章13節上,L,C,L,教育篇：#學習時的艱苦是暫時的，#學到的知識卻終生受用。,C,L,.
2015,3,29,你的話一開啟就發出亮光，#使愚蒙人通達。,詩篇119章130節,S,C,L,天父啊，感謝你#的言語教導我。,C,L,.
2015,3,30,你或向左或向右，必聽見後邊有#聲音說：「這是正路，要行在其間。」,以賽亞書30章21節,S,C,M,一個人雖然可以選擇許多#路，但不能同時走兩條路。,L,L,.
2015,3,31,倚靠耶和華的人好像錫安山，#安穩坐鎮，永不動搖。,詩篇125章1節,S,C,L,一步登不上高山，但一步不#慎，卻能從懸崖上掉下來。,C,L,.
2015,4,1,我要引導盲人行他們所不認識的道，引領#他們走他們未曾走過的路；我在他們面前#使黑暗變為光明，使彎曲變為平直。,以賽亞書42章16節上,L,C,S,聖經人名大搜查：#呂底亞（Lydia）：「彎曲」。,C,S,.
2015,4,2,來，我們歸向耶和華吧！他撕裂我們，#也必醫治；打傷我們，也必包紮。,何西阿書6章1節,S,C,M,母親的話：#孩子，我願你擁有足夠的疼痛，#讓生活中最小的喜悅都變得明顯。  ,L,L,.
2015,4,3,他被掛在木頭上，親身擔當了我們的罪，#使我們既然在罪上死，就得以在義上活。,彼得前書2章24節上,S,C,M,主啊，謝謝你在十字架上為#我們捨命，賜世人永生。,L,L,.
2015,4,4,凡接納他的，就是信他名的人，#他就賜他們權柄作神的兒女。,約翰福音1章12節,S,C,L,主啊，謝謝你賜下獨生子，#使我們成為你的兒女。,L,L,.
2015,4,5,他曾照自己的大憐憫，藉着耶穌基督從#死人中復活，重生了我們，#使我們有活的盼望。 ,彼得前書1章3節下,L,C,M,哈利路亞！救主勝過#死亡，他復活了！,L,L,.
2015,4,6,人的高傲使自己蒙羞；#心裏謙遜的，必得尊榮。,箴言29章23節,S,C,L,驕傲使天使淪為魔鬼，#謙遜使凡人彷如天使。,C,L,（奧古斯丁）
2015,4,7,疲乏的，他賜能力；#軟弱的，他加力量。,以賽亞書40章29節,S,C,L,向昨天取經驗，#向今天要成果，#向明天支動力。,C,L,.
2015,4,8,神啊，求你為我造清潔的心，#使我裏面重新有正直的靈。,詩篇51章10節,S,C,L,家事小貼士：#以一份醋加入四份清水，混#合成天然的玻璃窗清潔劑。,C,L,.
2015,4,9,你當認識耶和華──你父的神，#全心樂意地事奉他。,歷代志上28章9節中,S,C,L,禱告不是要改變神，使#他從不甘願變為甘願。,C,L,.
2015,4,10,他們尚未求告，我就應允；#正說話的時候，我就垂聽。,以賽亞書65章24節,S,C,L,禱告是相信神會聽取、回應，#甚至賜下超乎所求的事。,L,L,.
2015,4,11,你要以全能者為喜樂，#向神仰臉。,約伯記22章26節下,S,C,L,樂觀是成功之源，#悲觀是失敗之因。,C,L,（孫中山）
2015,4,12,因為人子來，並不是要受人#的服事，乃是要服事人。,馬可福音10章45節上,S,C,L,天父啊，教導我擁有你兒子耶穌#基督的心，並指導我如何服事人。,L,L,.
2015,4,13,在何處有嫉妒、自私，在何處#就有動亂和各樣的壞事。,雅各書3章16節,S,C,L,萬惡的根源──自私。,C,L,（德蘭修女）
2015,4,14,要憑愛心行事，正如基督愛我們，#為我們捨了自己，當作馨香的供物#和祭物獻給神。,以弗所書5章2節,L,C,M,最好的休閒活動──工作。,C,L,（德蘭修女）
2015,4,15,耶和華以能力創造大地，以智慧#建立世界，以聰明鋪張穹蒼。,耶利米書10章12節,S,C,M,想一想：#掌門人。,C,L,（猜一字，明天揭曉）
2015,4,16,二人成為一體。既然如此，夫妻#不再是兩個人，而是一體的了。,馬可福音10章8節,S,C,L,婚姻篇：#婚前要知足，婚後要感恩。,C,L,（「想一想」答案：們）
2015,4,17,因為我們爭戰的兵器本不是屬血氣的，#而是憑着神的能力，能夠#攻破堅固的營壘。,哥林多後書10章4節上,L,C,S,不要在必輸的情況下逞英雄，#也不要在無理的情況下講理。 ,C,S,.
2015,4,18,耶和華善待萬有，他的憐憫#覆庇他一切所造的。,詩篇145章9節,S,C,L,得意時應善待他人，因#為你失意時需要他們。,C,L,.
2015,4,19,耶和華必在你前面行，他必親自與你#同在，必不撇下你，也不丟棄你。,申命記31章8節上,S,C,M,求主賜我能力走往你指引的方向。,C,L,.
2015,4,20,我要稱謝你，因我受造奇妙可畏，#你的作為奇妙，這是我心深知道的。,詩篇139章14節,S,C,M,環保錦囊：#可與朋友交換穿着二手衣物。,C,L,.
2015,4,21,求你使虛假和謊言遠離我，使我不#貧窮也不富足，賜給我需用的飲食。,箴言30章8節,S,C,M,老友記篇：#老底：手中要有點積蓄，錢不#是萬能，沒有錢卻是萬萬不能。,L,L,.
2015,4,22,你們要留意聽從我的話，就能吃#那美物，得享肥甘，心中喜樂。,以賽亞書55章2節下,S,C,M,適飲適食：#青椒炒土豆絲#功效：排毒潤腸、健脾消食,C,L,.
2015,4,23,膏油與香料使人心喜悅，#朋友誠心的勸勉也是如此甘美。,箴言27章9節,S,C,M,朋友篇：#友誼就像一本書，燒掉只需幾#秒鐘，但寫一本書卻需多年。 ,C,L,.
2015,4,24,地和其中所充滿的，世界和#住在其中的，都屬耶和華。,詩篇24章1節,S,C,L,聖經中的地名：#迦南是神應許賜給亞伯拉罕及其後裔#的地方，地饒富庶，是流奶與蜜之地#（創17：8；出13：5）。,L,L,.
2015,4,25,你的手造了我，塑造我；求你#賜我悟性學習你的命令！,詩篇119章73節,S,C,L,教育篇：#學習就是學着尋找樂趣。,C,L,.
2015,4,26,沒有信，就不能討神的喜悅，因為到神#面前來的人必須信有神，並且信他#會賞賜尋求他的人。,希伯來書11章6節,L,C,M,主啊，請原諒我的盲目和小信。,C,L,.
2015,4,27,你們不要評斷別人，就不被審判；#你們不要定人的罪，就不被定罪；#你們要饒恕人，就必蒙饒恕。,路加福音6章37節,L,C,M,世情篇：#不喜歡你的人讓你自省與成長。,C,L,.
2015,4,28,我就是葡萄樹，你們是枝子。常在#我裏面的，我也常在他裏面，這人#就多結果子。,約翰福音15章5節上,L,C,M,葡萄被壓，才得釋放，釀出新酒。,C,L,（《你許可》）
2015,4,29,耶和華向我賞賜一切厚恩，#我拿甚麼來報答他呢？,詩篇116章12節,S,C,L,人生到了絕處，才知道愛的深#處，才能盛載神恩，豐滿傾注。,L,L,（《你許可》）
2015,4,30,敬畏耶和華心存謙卑，就得#財富、尊榮、生命為賞賜。,箴言22章4節,S,C,L,有時當思無時苦，#晴天要積雨來糧。,C,L,.
2015,5,1,要準備好你們的心，謹慎自守，專心盼#望耶穌基督顯現的時候帶給你們的恩惠。,彼得前書1章13節下,S,C,S,成功是給最充分準備的人。,C,S,.
2015,5,2,只要我們將起初確實的信心堅持#到底，就在基督裏有份了。,希伯來書3章14節,S,C,M,成功是給堅持到底的人。,C,S,.
2015,5,3,人仰望耶和華，安靜等候#他的救恩，這是好的。,耶利米哀歌3章26節,S,C,L,神啊，我承認自己的軟弱，但#靠着你的幫肋，我會跟從你。,C,L,.
2015,5,4,我們因信耶穌，就在他裏面放膽#無懼，滿有自信地進到神面前。,以弗所書3章12節,S,C,M,成功是給願意信靠的人。,C,L,.
2015,5,5,既然我們蒙憐憫受了#這事奉的責任，就不喪膽。,哥林多後書4章1節下,S,C,L,成功是給願意承擔責任的人。,C,L,.
2015,5,6,他救贖你的命脫離地府，#以仁愛和憐憫為你的冠冕。,詩篇103章4節,S,C,L,聖經人名大搜查：#司提反（Stephen）：「王冠」。,C,L,.
2015,5,7,心中喜樂，面有喜色；#心裏憂愁，靈就憂傷。,箴言15章13節,S,C,L,母親的話：#孩子，我願你擁有足夠的笑容，#讓你每天勇於前進。,L,L,.
2015,5,8,我因耶和華大大歡喜，#我的心因神喜樂。,以賽亞書61章10節上,S,C,L,笑容是最便宜的化妝品。,C,L,.
2015,5,9,從來沒有人恨惡自己的身體，#總是保養愛惜。,以弗所書5章29節上,S,C,L,運動是最便宜的藥品。,C,L,.
2015,5,10,願你的父母歡喜，#願那生你的母親快樂。,箴言23章25節,S,C,L,向為子女一生辛勞的母親致敬！,C,L,.
2015,5,11,在患難時你若灰心，#你的力量就微小。,箴言24章10節,S,C,L,最沉重的挫敗──灰心。,C,L,（德蘭修女）
2015,5,12,凡自己謙卑像這小孩子的，#他在天國裏就是最大的。,馬太福音18章4節下,S,C,L,最好的老師──兒童。,C,L,（德蘭修女）
2015,5,13,現在你們因我講給你們的道#已經潔淨了。,約翰福音15章3節,S,C,L,家事小貼士：#用舊絲襪包裹海綿地拖頭，絲襪產生#的靜電可有效清潔天花板的灰塵。,L,S,.
2015,5,14,你們中間若有缺少智慧的，該求那厚賜#與眾人又不斥責人的神，神必賜給他。,雅各書1章5節,S,C,S,想一想：#獨眼龍。,C,S,（猜一字，明天揭曉）
2015,5,15,你們每個人都要愛妻子，如同愛自#己一樣；妻子也要敬重她的丈夫。,以弗所書5章33節下,S,C,M,婚姻篇：#婚前要相知，婚後要相惜。,C,L,（「想一想」答案：省）
2015,5,16,耶穌又對眾人說：「我就是世界的光。#跟從我的，必不在黑暗裏走，#卻要得着生命的光。」,約翰福音8章12節,L,C,M,環保錦囊：#善用天然光，減少日間亮燈時間。,C,L,.
2015,5,17,願你的國降臨；願你的旨意#行在地上，如同行在天上。,馬太福音6章10節,S,C,L,求天父讓我甘心樂意#地遵行你的旨意。 ,L,L,.
2015,5,18,朋友時常親愛，#弟兄為患難而生。,箴言17章17節,S,C,L,朋友篇：#老朋友是黃金，新朋友是鑽石，得鑽石勿#忘黃金，因為一顆鑽石需要黃金做托架！,C,S,.
2015,5,19,他的嫩枝必延伸，他的榮華如橄#欖樹，香氣如黎巴嫩的香柏樹。,何西阿書14章6節,S,C,M,聖經中的地名：#黎巴嫩盛產香柏樹，所羅門王也用#這些香柏木建造宮殿（代下2：8）。,L,L,.
2015,5,20,奉耶和華的名來的是應當稱頌的！ #我們從耶和華的殿中為你們祝福！,詩篇118章26節,S,C,M,祝福令人寬心。,C,L,.
2015,5,21,我靠主大大喜樂，因為你們關懷#我的心如今又表現了出來。,腓立比書4章10節上,S,C,M,關懷令人溫暖。,C,L,.
2015,5,22,我們相信，我們得救#是因主耶穌的恩典。,使徒行傳15章11節中,S,C,L,相信令人豁達。,C,L,.
2015,5,23,神的安慰和對你溫和的話，#你以為太小嗎？,約伯記15章11節,S,C,L,溫馨令人產生更多能量#去迎接生命中的挑戰。,C,L,.
2015,5,24,將身體獻上當作活祭，#是聖潔的，是神所喜悅的，#你們如此事奉乃是理所當然的。,羅馬書12章1節下,L,C,M,求主賜我恩典，#將我的生命獻給你。,L,L,.
2015,5,25,包容過錯的，尋求友愛；#喋喋不休的，離間密友。,箴言17章9節,S,C,L,包容可帶來內心的平和。,C,L,.
2015,5,26,我們日用的飲食，#今日賜給我們。,馬太福音6章11節,S,C,L,適飲適食：#枸杞子玫瑰花茶#功效：疏肝理氣、滋潤肝腎,C,L,.
2015,5,27,你們若遵行我所命令的，#就是我的朋友。,約翰福音15章14節,S,C,L,老友記篇：#老友：多交朋友，多與人#來往，彼此支持關懷。,L,L,.
2015,5,28,你已將生命的道路指示我，#必使我在你面前充滿快樂。,使徒行傳2章28節,S,C,L,世情篇：#因為看輕，所以快樂。,C,L,.
2015,5,29,教養孩童走當行的道，#就是到老他也不偏離。,箴言22章6節,S,C,L,教育篇：#對子女信任不是放任，#放手不是放棄。,L,L,.
2015,5,30,多夢多言，其中多有虛空，#你只要敬畏神。,傳道書5章7節,S,C,L,為甚麼兒時的夢想，#卻只能在夢裏實現？,C,L,（幾米）
2015,5,31,總要彼此容忍，彼此饒恕；主怎樣#饒恕了你們，你們也要怎樣饒恕人。,歌羅西書3章13節下,S,C,M,親愛的天父，求你鑒察我的心，#看看有否需要我寬恕的人。,L,L,.
2015,6,1,他是神，是信實的神。他向愛他、#守他誡命的人守約施慈愛，直到千代。,申命記7章9節下,S,C,M,聖經人名大搜查：#伊利莎白（Elizabeth）：#「神的誓約」。,L,L,.
2015,6,2,我靠着那加給我力量的，#凡事都能做。,腓立比書4章13節,S,C,L,你若不想做，會找到一個藉口；#你若想做，會找到一個方法。,L,L,.
2015,6,3,要更加努力，使你們的蒙召和被選堅定#不移。你們實行這幾樣，就永不失腳。,彼得後書1章10節下,S,C,S,努力未必會成功，只有#努力得法才會成功。,L,S,.
2015,6,4,智慧人的心使他的口謹慎，#又使他的嘴唇增長學問。,箴言16章23節,L,C,L,懂得甚麼時候不要說話，#是一種智慧。,L,S,.
2015,6,5,他已吞滅死亡直到永遠。#主耶和華必擦乾各人臉上的眼淚。,以賽亞書25章8節上,S,C,M,母親的話：#孩子，我願你擁有足夠的淚水，#以致更願意理解別人的難處。,L,L,.
2015,6,6,要以自己所有的為滿足。,希伯來書13章5節中,S,C,L,別買你「想要」的東西，#要買你「需要」的東西。,C,S,.
2015,6,7,願賜平安的主隨時隨事親自賜給#你們平安！願主與你們眾人同在！,帖撒羅尼迦後書3章16節,S,C,M,無論順境逆境，#求主賜下平安。,C,L,.
2015,6,8,但要讓忍耐發揮完全的功用，使#你們能又完全又完整，一無所缺。,雅各書1章4節,S,C,M,忍無可忍，就等於沒有忍。,C,L,.
2015,6,9,我雖跌倒，仍要起來；雖坐在#黑暗裏，耶和華卻作我的光。,彌迦書7章8節下,S,C,M,遇困難時要自我激勵、#自我轉換、自我調節。,C,L,.
2015,6,10,我曾耐性等候耶和華，#他垂聽我的呼求。,詩篇40章1節,S,C,L,最優先的需要──溝通。,C,L,（德蘭修女）
2015,6,11,各人互相幫助，#對弟兄說：「壯膽吧！」,以賽亞書41章6節,S,C,L,最令人快樂的事──幫助別人。,C,L,（德蘭修女）
2015,6,12,鞭傷除淨邪惡，#責打可潔淨人心深處。,箴言20章30節,S,C,L,家事小貼士：#把梳打粉撒在地毯上，半小時後再用吸#塵機吸清，可收清除異味及清潔之效。,C,S,.
2015,6,13,求你教我明辨和知識，#因我信靠你的命令。,詩篇119章66 節,L,C,L,想一想：#鏡中人。,C,L,（猜一字，明天揭曉） 
2015,6,14,他若求告我，我就應允他；#他在急難中，我與他同在。,詩篇91章15節上,S,C,L,求主寬恕我在生活#中忘記你的同在。,C,L,（「想一想」答案：入）
2015,6,15,我們所誇的是：我們在世為人，特別是#跟你們的關係，是憑着神所賜的坦率和#真誠，不是靠人的聰明，而是靠神的恩惠。,哥林多後書1章12節上,L,C,S,婚姻篇：#婚前要坦誠，婚後要真誠。,C,S,.
2015,6,16,凡事要謙虛、溫柔、忍耐，#用愛心互相寬容。,以弗所書4章2節,S,C,L,執着對錯難交友，#包容體諒緣份來。,C,L,（阿虫）
2015,6,17,乖謬的人散播紛爭，#造謠的離間密友。,箴言16章28節,S,C,L,被造謠時不着急，#因有自知之明。 ,L,L,.
2015,6,18,因為神的旨意原是要你們以行善#來堵住糊塗無知人的口。,彼得前書2章15節,S,C,M,被誤解時不着急，#因有自覺之道。,L,L,.
2015,6,19,弟兄們，不可彼此詆毀。詆毀弟兄或評斷#弟兄的人，就是詆毀律法，評斷律法。,雅各書4章11節上,S,C,S,被毀謗時不着急，#因有自愛之方。,L,S,.
2015,6,20,為基督的緣故，我以軟弱、凌辱、艱難、#迫害、困苦為可喜樂的事；因為我甚麼#時候軟弱，甚麼時候就剛強了。,哥林多後書12章10節,L,C,S,被打擊時不着急，#因有自愉之法。,L,S,.
2015,6,21,聖靈自己與我們的靈一同#見證我們是神的兒女。,羅馬書8章16節,S,C,L,感謝天父，賜我們地上的#父親，謝謝他們養育之恩！,L,L,.
2015,6,22,這樣，我們許多人在基督裏是#一個身體，互相聯絡作肢體。,羅馬書12章5節,S,C,L,朋友篇：#真摰的友誼強化人#與人之間的連結。,C,L,.
2015,6,23,豐富尊榮都從你而來，你也治理萬物。在#你手裏有大能大力，你的手使人尊大強盛。,歷代志上29章12節,S,C,S,環保錦囊：#定期清潔電器，不但省#電，又可延長電器壽命。,L,S,.
2015,6,24,耶和華──你的神必領你進入美地，#那地有河流，有泉源和深淵的水#從谷中和山上流出。,申命記8章7節,L,C,S,聖經中的地名：#底格里斯河和幼發拉底河在美索不達米#亞形成肥沃的河谷，伊甸園大概位於此#（創2：10-14）。,L,S,.
2015,6,25,你要以全能者為喜樂，#向神仰臉。,約伯記22章26節下,L,C,L,老友記篇：#老來樂：保持快樂心境，這#也是強身健體的要素之一。,C,L,.
2015,6,26,因為神的國不在乎飲食，而在乎#公義、和平及聖靈中的喜樂。,羅馬書14章17節,S,C,M,適飲適食：#蝦仁炒蛋#功效：護肝補腎、強筋補鈣,C,L,.
2015,6,27,你的手造了我，塑造我；#求你賜我悟性學習你的命令！,詩篇119章73節,S,C,L,教育篇：#活着就要學習，#學習不是為了活着。,L,L,（培根）
2015,6,28,我雖然行過死蔭的幽谷，#也不怕遭害，因為你與我同在。,詩篇23章4節上,S,C,M,求主開我心眼，#看見你與我同在。,L,L,.
2015,6,29,我知道，人除了終身喜樂納福，#沒有一件幸福的事。,傳道書3章12節,S,C,M,世情篇：#因為看淡，所以幸福。,C,L,.
2015,6,30,你在甚麼事上評斷人，就在甚麼事上定#自己的罪。因你這評斷人的。#自己所做的卻和別人一樣。,羅馬書2章1下節,L,C,M,批評別人時，先想想#自己是否完美無缺。,C,L,.
2015,7,1,他還要以喜笑充滿你的口，#以歡呼充滿你的嘴唇。,約伯記8章21節,S,C,L,微笑是世界上最美的表情。,C,L,.
2015,7,2,你的言語在我上膛何等甘美，#在我口中比蜜更甜！,詩篇119章103節,S,C,L,微笑也是世界上最動聽的語言。,C,L,.
2015,7,3,耶和華是我的亮光，#是我的拯救，我還怕誰呢？,詩篇27章1節上,S,C,L,微笑是黑夜裏的星光。,C,L,.
2015,7,4,太陽還存，月亮猶在，#人要敬畏你，直到萬代！,詩篇72章5節,S,C,L,微笑是迷霧裏的陽光。,C,L,.
2015,7,5,你們無論做甚麼，都要從心裏做，#像是為主做的，不是為人做的。,歌羅西書3章23節,S,C,M,求主教導我服事你，服事他人。,C,L,.
2015,7,6,你的仇敵若餓了，就給他吃；若渴了，#就給他喝。因為你這樣做，#就是把炭火堆在他的頭上。,羅馬書12章20節下,L,C,S,微笑是寒冬裏的炭火。,C,S,.
2015,7,7,有好消息從遙遠的地方來，#就如涼水滋潤口渴的人。,箴言25章25節,S,C,L,微笑是夏日裏的冰涼。,C,L,.
2015,7,8,弟兄們，我們勸你們，要警戒不守規矩#的人，勉勵灰心的人，扶助軟弱的人，#對眾人要有耐心。,帖撒羅尼迦前書5章14節,L,C,S,給失敗者一個微笑，就是鼓勵。,C,S,.
2015,7,9,我要時時稱頌耶和華，#讚美他的話常在我口中。,詩篇34章1節,S,C,L,給成功者一個微笑，就是讚美。,C,L,.
2015,7,10,在真道上受教的，要把一切美好#的東西與施教的人分享。,加拉太書6章6節,S,C,L,給快樂者一個微笑，就是分享。,L,L,.
2015,7,11,但願賜忍耐和安慰的神使你們#彼此同心，效法基督耶穌。,羅馬書15章5節,S,C,L,給傷心者一個微笑，就是安慰。,C,L,.
2015,7,12,耶和華向我賞賜一切厚恩，#我拿甚麼來報答他呢？,詩篇116章12節,S,C,L,主啊，你的愛何其深，#你的恩典何其厚！,L,L,.
2015,7,13,你使他暫時比天使微小，賜他榮耀尊貴#為冠冕，你派他管理你手所造的。,希伯來書2章7節,S,C,S,聖經人名大搜查：#保羅（Paul）：「細小」。,C,S,.
2015,7,14,你們必須忍耐，使你們行完了#神的旨意，可以獲得所應許的。,希伯來書10章36節,S,C,L,母親的話：#孩子，我願你擁有足夠#的智慧，以明辨是非。,C,L,.
2015,7,15,沒有人能掌握生命，將生命留住；#也沒有人有權力掌管死期。,傳道書8章8節上,S,C,M,人生最大的謎──死亡。,C,L,（德蘭修女）
2015,7,16,人有見識就不輕易發怒，#寬恕人的過失便是自己的榮耀。,箴言19章11節,S,C,M,人生最大的缺點──壞脾氣。,C,L,（德蘭修女）
2015,7,17,你們所做的一切都要#憑愛心而做。,哥林多前書16章14節,S,C,L,家事小貼士：#用廢棄的廁紙筒套着電線，有#助減少積塵，又可保持整齊。,C,L,.
2015,7,18,當孝敬父母，使你的日子在耶和#華──你神所賜你的地上得以長久。,出埃及記20章12節,S,C,M,對父母要知恩、感恩、報恩。,C,L,.
2015,7,19,若沒有奉差遣，怎能傳道呢？如經上所#記：「報福音、傳喜信的人，#他們的腳蹤何等佳美！」,羅馬書10章15節,L,C,S,求主幫助我勇於向別人傳福音。,C,S,.
2015,7,20,如今常存的有信，有望，#有愛這三樣，其中最大的是愛。,哥林多前書13章13節,S,C,L,婚姻篇：#愛的前提：戒急用忍，理性感性。,C,L,.
2015,7,21,耶和華以智慧奠立地基，#以聰明鋪設諸天。,箴言3章19節,S,C,L,想一想：#十月十日。,C,L,（猜一字，明天揭曉）
2015,7,22,要讓眾人知道你們謙讓的心。#主已經近了。,腓立比書4章5節,S,C,M,朋友篇：#互諒互讓，和氣呈祥。（阿虫）,C,L,（「想一想」答案：朝）
2015,7,23,你們必吃得飽足，讚美耶和華──你們#神的名，他為你們行了奇妙的事。,約珥書2章26節,S,C,L,適飲適食：#荷葉冬瓜赤小豆湯#功效：消暑解熱、排毒,C,L,.
2015,7,24,耶和華啊，#遍地滿了你的慈愛。,詩篇119章64節上,S,C,L,環保錦囊：#洗衣服的水，可收集作洗地之用。,L,L,.
2015,7,25,他們行走，力上加力，#各人到錫安朝見神。,詩篇84章7節,L,C,S,教育篇：#學而後知問，跌然後識行。,L,S,（阿虫）
2015,7,26,人心籌算自己的道路；#惟耶和華指引他的腳步。,箴言16章9節,S,C,L,求主指示我當走的路，#使我走在正途。,C,L,.
2015,7,27,我的民哪，要留心聽我，我的國啊，要向#我側耳；因為訓誨必從我而出，我必使#我的公理成為萬民之光。,以賽亞書51章4節,L,C,S,聖經中的地名：#安提阿是位於敘利亞的希臘城市，是初#期基督徒傳福音給外人的一個重要地點#（徒11：19-30）。,L,S,.
2015,7,28,神造萬物，各按其時成為美好，#又將永恆安放在世人心裏。,傳道書3章11節上,S,C,L,世界所有的美好，#卻都有有效期限。,C,L,（幾米）
2015,7,29,節制言語的，有見識；#性情溫良的人，有聰明。,箴言17章27節,S,C,L,老友記篇：#老好人：要有好脾氣，看#甚麼，聽甚麼都帶寬容。,C,L,.
2015,7,30,因一人犯罪而來的後果，也不如賞賜，#原來審判是由一人而定罪，恩賜乃是#由許多過犯而稱義。,羅馬書5章16節,L,C,S,人生充滿許多「如果」，#卻只有一個「後果」。,L,S,.
2015,7,31,你們除了彼此相愛，對任何人都不可虧#欠甚麼，因為那愛人的就成全了律法。,羅馬書13章8節,S,C,M,世情篇：#處事要三分為己，七分為人。,C,L,.
2015,8,1,在你面前有滿足的喜樂，#在你右手中有永遠的福樂。,詩篇16章11節下,S,C,L,小時候，幸福是一件很簡單的事；#長大後，簡單是一件很幸福的事。,C,L,.
2015,8,2,求你發出你的亮光和信實，#好引導我。,詩篇43章3節上,S,C,L,若我迷路，求主顯亮光扶助。,C,L,.
2015,8,3,我心裏多憂多疑，#你的安慰使我歡樂。,詩篇94章19節,S,C,L,感謝神賜苦與樂，#在絕望裏得安慰。,C,L,.
2015,8,4,你已將生命的道路指示我，#必使我在你面前充滿快樂。,使徒行傳2章28節,S,C,L,快樂不是命運安排，#而是自由選擇。,C,L,.
2015,8,5,耶和華啊，尊大、能力、#榮耀、勝利、威嚴都是你的。,歷代志上29章11節上,S,C,L,聖經人名大搜查：#友妮基（Eunice）：#「美好的勝利」。,L,L,.
2015,8,6,我已把萬事當作是有損的，因我#以認識我主基督耶穌為至寶。,腓立比書3章8節中,S,C,M,母親的話：#孩子，我願你擁有足夠的損#失，好珍惜所擁有的一切。,C,L,.
2015,8,7,說謊的嘴唇，為耶和華所憎惡；#行事誠實，為他所喜悅。,箴言12章22節,S,C,L,最危險的人物──說謊者。,C,L,（德蘭修女）
2015,8,8,他雖用詭詐掩飾怨恨，#他的邪惡必在集會中顯露。,箴言26章26節,S,C,L,最低劣的感覺──怨恨。,C,L,（德蘭修女）
2015,8,9,你們要靠着主，依賴他的#大能大力作剛強的人。,以弗所書6章10節下,S,C,L,願主使我由軟弱#變為像你般剛強。,C,L,.
2015,8,10,弟兄們，我不是以為自己已經得着了；#我只有一件事，就是忘記背後，#努力面前的。,腓立比書3章13節,L,C,M,挫折、失敗、跌倒都不是#悲劇，放棄奮鬥才是悲劇。,L,S,.
2015,8,11,因為無論在得救的人或在滅亡的人當中，#我們都是基督馨香之氣，是獻給神的。,哥林多後書2章15節,S,C,M,家事小貼士：#泡過的茶葉放入微波爐加熱1分鐘，待#2-3分鐘取出，有效去除爐內的異味。,C,S,.
2015,8,12,若有人在基督裏，他就是新造的#人，舊事已過，都變成新的了。,哥林多後書5章17節下,S,C,L,每件事都回不去，卻#沒有一件事過不去。,C,L,.
2015,8,13,你要專心仰賴耶和華，#不可倚靠自己的聰明。,箴言3章5節,S,C,L,想一想：#半出半進。,C,L,（猜一字，明天揭曉）
2015,8,14,直到你們年老，我不改變；#直到你們髮白，我仍扶持。,以賽亞書46章4節上,S,C,L,婚姻篇：#愛的真諦：相知相惜，相扶相持。,C,L,（「想一想」答案：崔）
2015,8,15,智慧人的心使他的口謹慎，#又使他的嘴唇增長學問。,箴言16章23節,S,C,L,毋道人之短，毋說己之長。,C,L,（崔瑗《座右銘》）
2015,8,16,我要述說主耶和華的大能，#我單要提說你的公義。,詩篇71章16節,S,C,L,求主賜大能，使我改變，#更有主的容光。,L,L,.
2015,8,17,以鐵磨鐵，越磨越利，#朋友當面琢磨，也是如此。,箴言27章17節,S,C,L,朋友篇：#看白雲可悟塵世，#交良朋如讀好書。,C,L,（阿虫）
2015,8,18,一切的生命全都是你賞賜的。,尼希米記9章6節中,S,C,L,環保錦囊：#避免購買瀕臨絶種或受保護#的動植物，如野味、髪菜等。,L,L,.
2015,8,19,若有人不照顧親屬，尤其是自己家裏的人，#就是背棄信仰，還不如不信的人。,提摩太前書5章8節,S,C,M,世情篇：#對家庭要有三分愛，七分責任。,C,S,.
2015,8,20,萬國必稱你們為有福的，#因你們必成為喜樂之地。,瑪拉基書3章12節上,S,C,L,聖經中的地名：#西奈山位於西奈半島，耶和華在這#山上向摩西和以色列民頒布十誡與#其他律例（出19至40章）。,L,S,.
2015,8,21,我用智慧專心探尋、#考察天下所發生的一切事。,傳道書1章13節上,S,C,L,教育篇：#向已知告別，朝未知探求。,C,L,（阿虫）
2015,8,22,各人就吃大能者的食物；#他賜下糧食，使他們飽足。,詩篇78章25節,S,C,L,適飲適食：#洋葱炒苦瓜#功效：潤膚養顏、排毒減肥,C,S,.
2015,8,23,聖靈彰顯在各人身上，#是要使人得益處。,哥林多前書12章7節,S,C,L,寶貴聖靈請進來，充滿我心。,C,L,.
2015,8,24,愚蒙人哪，你們要學習靈巧，#愚昧人哪，你們的心要明辨。,箴言8章5節,S,C,L,老友記篇： #適度運動身體好，#多打橋牌腦筋好。,C,L,.
2015,8,25,我們當選擇公理，#彼此知道何為善。,約伯記34章4節,S,C,L,人生就是一道選擇題，#選擇不同，際遇各異。,C,L,.
2015,8,26,運動員在比賽的時候，#不按規則就不能得冠冕。,提摩太後書2章5節,S,C,L,人生就是一場比賽，重要#的不是結果，而是過程。 ,C,L,.
2015,8,27,你的言語在我上膛何等甘美，#在我口中比蜜更甜！,詩篇119章103節,S,C,L,人生像喝茶，開始淺嘗時覺得#苦澀，用心品味後覺甘醇。,L,L,.
2015,8,28,神把我們作使徒的明顯地列在末後…#因為我們成了一臺戲，給世界、#天使和眾人觀看。,哥林多前書4章9節下,L,C,S,人生像一齣戲，有人在戲中#綻放光芒，有人只能當配角。 ,L,S,.
2015,8,29,年老的有智慧，#壽高的有知識。,約伯記12章12節,S,C,L,人生如滾動的石頭，由年輕時#的尖銳，到老年時的圓滑。,L,L,.
2015,8,30,然而，神有豐富的憐憫，#因着他愛我們的大愛。,以弗所書2章4節,S,C,L,求主賜我智慧與力量，使我生#命能夠反映你無限的大愛。,L,L,.
2015,8,31,誰敬畏耶和華，耶和華#必教導他當選擇的道路。,詩篇25章12節,S,C,L,人生像在迷宮中穿梭，#從不斷選擇中，尋找一#條屬於自己的出路。,L,L,.
2015,9,1,因為神賜給我們的不是膽怯的心，#而是剛強、仁愛、自制的心。,提摩太後書1章7節,S,C,M,聖經人名大搜查：#安德烈（Andrew）：「剛毅的」。,C,L,.
2015,9,2,神看一切所造的，#看哪，都非常好。,創世記1章31節上,S,C,L,母親的話：#孩子，我願你擁有一顆寬廣的心，#無論何時都能看見生命的美好。,L,L,.
2015,9,3,人有見識就不輕易發怒，#寬恕人的過失便是自己的榮耀。,箴言19章11節,S,C,L,最寶貴的禮物──寬恕。,C,L,（德蘭修女）
2015,9,4,當信主耶穌，#你和你一家都必得救。,使徒行傳16章31節下,S,C,L,最不可缺的──家庭。,C,L,（德蘭修女）
2015,9,5,凡事要謙虛、溫柔、忍耐，#用愛心互相寬容。,以弗所書4章2節,S,C,L,當你理解一切，便會寬容一切。,C,L,.
2015,9,6,心中喜樂，面有喜色；#心裏憂愁，靈就憂傷。,箴言15章13節,S,C,L,主啊！求你賜我一顆喜樂的心，#即使遇到痛苦也能笑對。,L,L,.
2015,9,7,求你教我明辨和知識，#因我信靠你的命令。,詩篇119章66節,S,C,L,教育篇：#求名不如求明，求利何不求理？,C,L,（阿虫）
2015,9,8,太陽月亮啊，要讚美他！ #放光的星宿啊，都要讚美他！,詩篇148章3節,S,C,L,露從今夜白，月是故鄉明。,C,L,（杜甫《月夜憶舍弟》）
2015,9,9,你們要謹慎自守，躲避一切的貪心，#因為人的生命不在於家道豐富。,路加福音12章15節下,S,C,S,我感到快樂，因我不冀#求任何人的東西。,L,S,（莎士比亞）
2015,9,10,人仰望耶和華，安靜等候#他的救恩，這是好的。,耶利米哀歌3章26節,S,C,L,期望經常造成傷害。,C,L,（莎士比亞）
2015,9,11,人若賺得全世界，賠上自己的生命，#有甚麼益處呢？人還能拿甚麼換生命呢？,馬太福音16章26節,L,C,S,人生苦短，所以珍愛你的生命。,C,S,（莎士比亞）  
2015,9,12,諸天哪，要側耳聽我說話；#願地聆聽我口中的言語。,申命記32章1節,S,C,L,說話前，先聆聽。,C,L,（莎士比亞）
2015,9,13,節制言語的，有見識；#性情溫良的人，有聰明。,箴言17章27節,L,C,L,主啊！求你賜我一顆喜樂的心，即#使遭冷酷對待，也能以禮貌回應。,C,L,.
2015,9,14,人心多有計謀；惟有耶和華#的籌算才能成就。,箴言19章21節,S,C,L,書寫前，想一想。,C,L,（莎士比亞）
2015,9,15,不要勞碌求富，#要有聰明來節制。,箴言23章4節,S,C,L,用錢前，先賺錢。,C,L,（莎士比亞）
2015,9,16,主啊，你本為良善，樂於饒恕人，#以豐盛的慈愛對待凡求告你的人。,詩篇86章5節,S,C,M,祈禱前，先寬恕。,C,L,（莎士比亞）
2015,9,17,讓我們省察，檢討自己的#行為，歸向耶和華吧！,耶利米哀歌3章40節,S,C,L,傷害人前，先自己感受。,C,L,（莎士比亞）
2015,9,18,不是我們愛神，而是神愛我們，差他的兒子為#我們的罪作了贖罪祭；這就是愛。親愛的，#既然神這樣愛我們，我們也要彼此相愛。,約翰一書4章10-11節,L,C,S,憎恨前，先付出愛。,C,L,（莎士比亞）
2015,9,19,現在你們因我講給你們的道#已經潔淨了。,約翰福音15章3節,S,C,L,家事小貼士：#用醋泡地毯，再用水清#洗晾乾，可除污辟臭。,C,L,.
2015,9,20,歸向耶和華，耶和華就必憐憫他；#當歸向我們的神，因為他必廣行赦免。,以賽亞書55章7節下,S,C,S,主啊！感謝你賜我一顆喜樂的心，#時刻能夠以寬恕面對迫害。,L,S,（程翔）
2015,9,21,你們要彼此接納，如同基督#接納你們一樣，歸榮耀給神。,羅馬書15章7節下,S,C,L,婚姻篇：#愛的要點：真心接納，同理心。,C,L,.
2015,9,22,在神有智慧和能力，#他有謀略和知識。,約伯記12章13節,S,C,L,想一想：#金木水火。,C,L,（猜一字，明天揭曉）
2015,9,23,又願主使你們彼此相愛的心，#和愛眾人的心，都能增長，充足。,帖撒羅尼迦前書3章12節上,S,C,M,朋友篇：#友情像編織毛衣時一針一線，小心、耐#心、專心，拆的時候卻只需輕輕一拉！,C,S,（「想一想」答案：坎）
2015,9,24,慷慨待人，必然豐裕；#滋潤人的，連自己也得滋潤。,箴言11章25節,S,C,L,施人慎勿念，受施慎勿忘。,C,L,（崔瑗《座右铭》）
2015,9,25,地和其中所充滿的，世界和#住在其中的，都屬耶和華。,詩篇24章1節,S,C,L,環保錦囊：#外出自備水壺，減少購買飲品。,C,L,.
2015,9,26,我的心哪！你要復歸安寧，#因為耶和華用厚恩待你。,詩篇116章7節,S,C,L,老友記篇：#不氣不愁，活到白頭。,C,L,.
2015,9,27,他造月亮星宿管黑夜，#因他的慈愛永遠長存。,詩篇136章9節,S,C,L,明月如霜，好風如水。,C,L,（蘇軾《永遇樂》）
2015,9,28,耶和華啊，你所造的何其多！#都是你用智慧造成的，#全地遍滿了你所造之物。,詩篇104章24節,S,C,M,聖經中的地名：#蘭塞城是蘭塞二世的宮殿所在，大概在尼羅#河三角洲東北的哥珊地，是以色列人在埃及#被勞役苦待的地方（出1：11）。,L,S,.
2015,9,29,得智慧，得聰明的，#這人有福了。,箴言3章13節,S,C,L,世情篇：#看文章要三分在看，七分在品。,C,L,.
2015,9,30,他賜糧食給敬畏他的人，#他必永遠記念他的約。,詩篇111章5節,S,C,L,適飲適食：#排骨蓮藕湯#功效：滋陰潤燥、益氣補血,C,L,.
2015,10,1,我們卻是天上的國民，並且等候救#主，就是主耶穌基督從天上降臨。,腓立比書3章20節,S,C,M,願主聖言，永為中華法度，#願主平安，普遍中華國土。,C,L,（《神佑中華歌》）
2015,10,2,因為我們行事為人是憑着#信心，不是憑着眼見。,哥林多後書5章7節,S,C,L,欣賞你的人，使你充滿信心。,C,L,.
2015,10,3,在世上你們有苦難，但你們#要有勇氣，我已經勝過世界。,約翰福音16章33節下,S,C,L,批評你的人，使你愈挫愈勇。,C,L,.
2015,10,4,神抵擋驕傲的人，#但賜恩給謙卑的人。,彼得前書5章5節下,S,C,L,主啊！求你賜我一顆喜樂的#心，即使遇到狂妄的人，仍#能以謙卑相待。,L,L,.
2015,10,5,凡事謝恩。,帖撒羅尼迦前書5章18節上,S,C,L,疼惜你的人，使你知道感恩。,C,L,.
2015,10,6,我因耶和華──我神的手#的幫助，得以堅強。,以斯拉記7章28節中,S,C,L,傷害你的人，使你更加堅強。,C,L,.
2015,10,7,你們要靠着主，依賴他的#大能大力作剛強的人。,以弗所書6章10節下,S,C,L,依賴你的人，使你擁有能力。,C,L,.
2015,10,8,太陽月亮啊，要讚美他！#放光的星宿啊，都要讚美他！,詩篇148章3節,S,C,L,聖經人名大搜查：#非比（Phoebe）：#「如月亮般皎潔」。,C,L,.
2015,10,9,誰能察覺自己的錯失呢？#求你赦免我隱藏的過犯。,詩篇19章12節,S,C,L,母親的話：#孩子，不要試圖交到一個完美的朋#友，因為世上並沒有十全十美的人。 ,L,L,.
2015,10,10,我要潔淨你們，使你們脫離#一切的污穢，棄絕一切的偶像。,以西結書36章25節下,S,C, M,家事小貼士：#衣服沾了嘔吐物，灑上一層梳打粉，可#吸收異味和水分，並分解污垢，清洗就#容易多了。,L,S,.
2015,10,11,我靠主大大喜樂，因為你們#關懷我的心如今又表現了出來。,腓立比書4章10節上,S,C,M,主啊！求你賜我一顆喜樂的心，即#使遭冷漠對待，也能以開懷面對。,C,S,.
2015,10,12,神所賜那超越人所能了解的平安，#必在基督耶穌裏，保守你們的心懷意念。,腓立比書4章7節,S,C,S,最使人愉悅的感覺──內心平安。,C,S,（德蘭修女）
2015,10,13,至於我，我必尋求神，#把我的事情交託給他。,約伯記5章8節,S,C,L,最有效的解決之道──樂觀。,C,L,（德蘭修女）
2015,10,14,求你指教我們怎樣數算自己的#日子，好叫我們得着智慧的心。,詩篇90章12節,S,C,M,童年也許多采多姿，只是#我們忘記的比記住的多。,C,L,（幾米）
2015,10,15,凡心裏有智慧的，我更要賜給他們#智慧的心，能做我所吩咐的一切。,出埃及記31章6節下,S,C,M,想一想：#去上去下。,C,L,（猜一字，明天揭曉）
2015,10,16,最要緊的是彼此切實相愛，#因為愛能遮掩許多的罪。,彼得前書4章8節,S,C,L,婚姻篇：#愛的方式：包容。,C,L,（「想一想」答案：至）
2015,10,17,我學習你公義的典章，#要以正直的心稱謝你。,詩篇119章7節,S,C,L,世譽不足慕，惟仁為綱紀。,C,L,（崔瑗《座右銘》） 
2015,10,18,原來基督的愛激勵我們；因我們這樣#斷定，一人既替眾人死，眾人就都死了。,哥林多後書5章14節,S,C,M,主啊！感謝你賜我一顆喜樂的心，#時刻能夠以激勵面對踐踏。,L,L,（程翔）
2015,10,19,不做害羞的事，不求自己的益處，#不輕易發怒，不計算人的惡。,哥林多前書13章5節,S,C,M,朋友篇：#斤斤計較，財富計多一兩；#精打細算，友情算少十斤。,L,L,（阿虫）
2015,10,20,願田和其中所有的都歡樂！那時，#林中的樹木都要在耶和華面前歡呼。,詩篇96章12節,S,C,M,環保錦囊：#在家種植香草，如薄荷、迷迭香等，#既可食用，又可美化環境。,C,L,.
2015,10,21,來吧，我們登耶和華的山，到雅各#神的殿。 他必將他的道教導我們，#我們也要行他的路。,以賽亞書2章3節中,L,C,M,與親友同登高，欣賞美#景，歌頌神創造之恩。,C,L,.
2015,10,22,一句話說得合宜，#就如金蘋果在銀網子裏。,箴言25章11節,S,C,L,一句真心、關懷別人的話，#可以讓沮喪、挫敗的人有生#存下去的勇氣。 ,L,L,.
2015,10,23,說話浮躁，猶如刺刀；#智慧人的舌頭卻能醫治。,箴言12章18節,S,C,L,一句輕浮、嘲笑別人的話，會#令別人自尊受傷，心生痛苦。,C,L,.
2015,10,24,天，是耶和華的天；#地，他卻給了世人。,詩篇115章16節,S,C,L,聖經中的地名：#錫安山是耶路撒冷聖殿的#所在地（詩48：2）。,C,L,.
2015,10,25,他對我說：「我的恩典是夠#你用的，因為我的能力是在#人的軟弱上顯得完全。」,哥林多後書12章9節上,L,C,M,主啊！求你賜我一顆喜樂的心，#即使身處逆境，也不忘感恩。,L,L,.
2015,10,26,我要向耶和華歌唱，#因他厚厚地恩待我。,詩篇13章6節,S,C,L,主愛永恆，深恩無限。,C,L,.
2015,10,27,神說：「看哪，我把全地一切含種子的五穀#菜蔬和一切會結果子、果子裏有種子的樹，#都賜給你們；這些都可作食物。」,創世記1章29節,L,C,S,老友記篇：#基本吃素，飯後百步。,C,S,.
2015,10,28,你以恩惠為年歲的冠冕，#你的路徑都滴下油脂。,詩篇65章11節,S,C,L,但得夕陽無限好，#何須惆悵近黃昏。,C,L,（朱自清）
2015,10,29,你們要互相款待，不發怨言。,彼得前書4章9節,S,C,L,世情篇：#對朋友要三分認真，七分寬容。,C,L,.
2015,10,30,你們或吃或喝，無論做甚麼，#都要為榮耀神而做。,哥林多前書10章31節下,S,C,L,適飲適食：#蒜蓉炒西洋菜#功效：排毒、潤腸、減肥,C,L,.
2015,10,31,恨能挑啟爭端；#愛能遮掩一切過錯。,箴言10章12節,S,C,L,教育篇：#以愛培育出愛，以恨培育出恨。,C,L,.
2015,11,1,耶和華啊，求你將你的道指教#我，我要照你的真理而行。,詩篇86章11節上,S,C,L,親愛主，當我困惑時，#求你引導，為我解困。,C,L,.
2015,11,2,所以，你們要棄絕謊言，#每個人要與鄰舍說誠實話，#因為我們是互為肢體。,以弗所書4章25節,L,C,M,種下誠實，收穫是信任。,C,L,.
2015,11,3,膏油與香料使人心喜悅，#朋友誠心的勸勉也是如此甘美。,箴言27章9節,S,C,M,種下善意，收穫是友情。,C,L,.
2015,11,4,我心裏柔和謙卑，#你們當負我的軛，向我學習。,馬太福音11章29節上,S,C,L,種下謙卑，收穫是高貴。,C,L,.
2015,11,5,只要我們將起初確實的信心#堅持到底，就在基督裏有份了。,希伯來書3章14節,S,C,M,種下堅持，收穫是勝利。,C,L,.
2015,11,6,那鑒察人心的知道聖靈所體貼的，#因為聖靈照着神的旨意替聖徒祈求。,羅馬書8章27節,S,C,M,種下體貼，收穫是溫馨。,C,L,.
2015,11,7,要仁慈相待，存憐憫的心，彼此饒恕，#正如神在基督裏饒恕了你們一樣。,以弗所書4章32節,S,C,M,種下寬恕，收穫是諒解。,C,L,.
2015,11,8,只要你有多少日子，#你就有多少力量。,申命記33章25節下,S,C,L,親愛主，當我困倦時，求你用#聖靈光照我，加添我力量。,L,L,.
2015,11,9,恩賜有許多種，#卻是同一位聖靈所賜。,哥林多前書12章4節,S,C,L,聖經人名大搜查：#馬太（Matthew）：#「神的恩賜」。,L,L,.
2015,11,10,你總要伸手幫助他，照他所#缺乏的借給他，補他的不足。,申命記15章8節,S,C,L,母親的話：#孩子，幫助別人，#自己也會得到幫助。,L,L,.
2015,11,11,趁着白日，我們必須做差我來的那位#的工；黑夜來到，就沒有人能做工了。,約翰福音9章4節,S,C,S,最大的滿足──完成該做的事。,C,S,（德蘭修女）
2015,11,12,我要作你們的父，你們要作#我的兒女。 這是全能的主說的。,哥林多後書6章18節,S,C,M,最強大的力量──父母。,C,L,（德蘭修女）
2015,11,13,青年要如何保持純潔呢？ #是要遵行你的話！,詩篇119章9節,S,C,L,家事小貼士：#以4克梳打粉加200毫升水，放入噴#壺，可清潔布沙發、窗簾、玩具等。,L,L,.
2015,11,14,耶和華以能力創造大地，以智慧#建立世界，以聰明鋪張穹蒼。,耶利米書10章12節,S,C,M,想一想：#果實纍纍。,C,L,（猜一字，明天揭曉）
2015,11,15,我們要彼此相顧，#激發愛心，勉勵行善。,希伯來書10章24節,S,C,L,親愛主，當我失去熱情時，#求你激勵，使我重燃愛心。,C,L,（「想一想」答案：夥）
2015,11,16,要凡事顯出完美的忠誠，好事事#都能榮耀我們救主神的教導。,提多書2章10節下,S,C,M,婚姻篇：#何苦去找100分的另一半，你有60#分，對方也有60分，一加就破百！,L,S,.
2015,11,17,願你們從他榮耀的權能中，得以在一切#事上力上加力，好使你們凡事#歡歡喜喜地忍耐寬容。,歌羅西書1章11節,L,C,S,朋友篇：#對待他人要寬容，#看待自己要清醒。,C,S,.
2015,11,18,天地照你的典章存到今日；#萬物都是你的僕役。,詩篇119章91節,S,C,L,環保錦囊：#把不合己用的禮#物送給慈善團體。,L,L,.
2015,11,19,他鋪張穹蒼如幔子，#展開諸天如可住的帳棚。,以賽亞書40章22節下,S,C,L,聖經中的地名：#大馬士革是敘利亞一個重要的文化和貿易#要點，保羅的信主經歷，就是在往大馬士#革的路上發生（徒9：1-19）。,L,L,.
2015,11,20,這世界和世上的情慾都要消逝，#惟獨那遵行神旨意的人永遠常存。,約翰一書2章17節,S,C,M,世情篇：#看的是書，讀的卻是世界；#沏的是茶，學的卻是生活；#斟的是酒，品的卻是艱辛。,C,L,.
2015,11,21,他使草生長，給牲畜吃，使菜蔬生長，#供給人用，使人從地裏得食物。,詩篇104章14節,S,C,M,適飲適食：#大拌菜（黑木耳+西蘭花+藕片+銀杏）：#功效：排毒潤腸、抗癌防癌,L,S,.
2015,11,22,而且我們的主的恩典格外豐盛，#使我在基督耶穌裏有信心和愛心。,提摩太前書1章14節,S,C,M,主啊，願我今天的待人處事，#給別人帶來信心和喜樂。,L,L,.
2015,11,23,你要顯出自己是好行為的榜樣，#在教導上要正直、莊重。,提多書2章7節,S,C,M,教育篇：#培育健全的孩子最佳方法#是父母先成為健全的人。,C,L,.
2015,11,24,你們豈不知道你們的身體是聖靈的殿嗎？#這聖靈是從神而來，住在你們裏面的。,哥林多前書6章19節上,S,C,S,老友記篇：#身體每日作適度運動，#每年定期作健康檢查。,C,S,.
2015,11,25,你們要忍耐，直到主來。#看哪，農夫等候着地裏寶貴的出產，#耐心地等到它得了秋霖春雨。,雅各書5章7節下,L,C,S,種下耐心，收穫是進步。,C,S,.
2015,11,26,你有信心，就要在神面前持守。人能#在自己以為可行的事上不自責就有福了。,羅馬書14章22節,S,C,M,種下信心，收穫是奇蹟。,C,L,.
2015,11,27,作假見證的，難免受罰；#口吐謊言的，必定滅亡。,箴言19章9節,S,C,L,種下謊言，收穫是猜忌。,C,L,.
2015,11,28,懶惰使人沉睡，#懈怠的人必捱餓。,箴言19章15節,S,C,L,種下懶惰，收穫是荒廢。,C,L,.
2015,11,29,人心多有計謀；惟有耶和華#的籌算才能成就。,箴言19章21節,S,C,L,主啊，為你已完成的，#正在做和將要成就的，#我感謝你！,L,L,.
2015,11,30,平靜的心使肉體有生氣；#嫉妒使骨頭朽爛。,箴言14章30節,S,C,L,種下嫉妒，收穫是苦惱。,C,L,.
2015,12,1,這世界和世上的情慾都要消逝，#惟獨那遵行神旨意的人永遠常存。,約翰一書2章17節,S,C,M,種下私慾，收穫是孤獨。,C,L,.
2015,12,2,人的高傲使自己蒙羞；#心裏謙遜的，必得尊榮。,箴言29章23節,S,C,L,種下傲慢，收穫是鄙夷。,C,L,.
2015,12,3,你們要謹慎自守，躲避一切的貪心，#因為人的生命不在於家道豐富。,路加福音12章15節下,S,C,M,種下貪婪，收穫是迷失。,C,L,.
2015,12,4,不要為明天憂慮，因為明天自有明天#的憂慮；一天的難處一天當就夠了。,馬太福音6章34節下,S,C,M,種下憂慮，收穫是蒼老。,C,L,.
2015,12,5,誰能察覺自己的錯失呢？#求你赦免我隱藏的過犯。,詩篇19章12節,S,C,L,種下過失，收穫是愧疚。,C,L,.
2015,12,6,你們得救在乎歸回安息，#得力在乎平靜安穩。,以賽亞書30章15節中,S,C,L,主啊，我縱使失意，失#去平靜安穩，但倚靠你#令擔子變得輕省。,L,L,.
2015,12,7,人若自潔，脫離卑賤的事，必成為貴重#的器皿，成為聖潔，合乎主用，#預備行各樣的善事。,提摩太後書2章21節,L,C,S,聖經人名大搜查：#馬大（Martha）：「貴婦」。,C,S,.
2015,12,8,親愛的，既然神這樣愛我們，#我們也要彼此相愛。,約翰一書4章11節,S,C,L,世界上最美麗的──愛。,C,L,（德蘭修女）
2015,12,9,我們相愛，不要只在言語或舌頭#上，總要以行為和真誠表現出來。,約翰一書3章18節下,S,C,M,母親的話：#孩子，學習用真誠的簡#單，對付虛偽的複雜。,C,L,.
2015,12,10,心懷二意的人哪，#要清潔你們的心！,雅各書4章8節下,S,C,L,家事小貼士：#以三份梳打粉加一份醋，可清潔抽油#煙機、煮食爐具、洗手盆、浴缸等。,C,L,.
2015,12,11,然而他知道我所走的路；#他試煉我，我就如純金。,約伯記23章10節,S,C,L,足夠的試煉，使我們堅強。,C,L,.
2015,12,12,我心裏說：「耶和華是我的#福分，因此，我要仰望他。」,耶利米哀歌3章24節,S,C,L,足夠的盼望，使我們幸福。,C,L,.
2015,12,13,神愛世人，甚至將他獨一的兒子賜給#他們，叫一切信他的人不致滅亡，#反得永生。,約翰福音3章16節,L,C,M,主啊，你的犧牲，令我改變；#你的恩典，導我前行。,L,L,.
2015,12,14,朋友太多的人，必受損害；#但有一知己比兄弟更親密。,箴言18章24節,S,C,L,足夠的朋友，使我們得安慰。,C,L,.
2015,12,15,殷勤，不可懶惰。#要靈裏火熱；常常服侍主。,羅馬書12章11節,S,C,L,足夠的熱情，使我們勇往直前。,C,L,.
2015,12,16,但願我行事堅定，#得以遵守你的律例。,詩篇119章5節,S,C,L,足夠的毅力，使今天比昨天更好。,C,L,.
2015,12,17,你們中間若有缺少智慧的，該求那厚賜#與眾人又不斥責人的神，神必賜給他。,雅各書1章5節,S,C,S,想一想：#周轉不靈。,C,S,（猜一字，明天揭曉）
2015,12,18,求你保護我，如同保護眼中的#瞳人，把我隱藏在你翅膀的蔭下。,詩篇17章8節,S,C,M,婚姻篇：#真誠感謝守候你一生的人，#因他 / 她是你一生的港灣。,C,L,（「想一想」答案：欽）
2015,12,19,我們愛，因為神先愛我們。,約翰一書4章19節,S,C,L,朋友篇：#希望得人愛的人，先要愛#別人，同時使自己可愛。,C,L,（富蘭克林）
2015,12,20,你以恩惠為年歲的冠冕，#你的路徑都滴下油脂。,詩篇65章11節,S,C,L,回望歲月怱怱，經過困難與浪濤，#倚靠主放下重擔，重建新生命。,L,L,.
2015,12,21,他不多思念自己一生的日子，#因為神使他的心充滿喜樂。,傳道書5章20節,S,C,L,時光寶貴，我們是否把太#多時間花在「怱忙」上？,C,L,.
2015,12,22,求你寬容我，使我在去而#不返之先可以喜樂。,詩篇39章13節,S,C,L,世情篇：#人生是一張有去無回的單程票；#沒有綵排，每一場都是現場直播。,L,L,.
2015,12,23,我們這地上的帳篷若拆毀了，我們將有#神所造的居所，不是人手所造的，#而是在天上永存的。,哥林多後書5章1節下,L,C,S,聖經中的地名：#克里特是地中海的一個島，位於希臘東南#面。保羅被押送到羅馬時，他乘坐的船曾#停泊該島（徒2：11）。,L,S,.
2015,12,24,你們要謹慎行事，不要像無知#的人，要像智慧的人。,以弗所書5章15節,S,C,L,教育篇：#勤為無價寶，慎為護身符。,C,L,.
2015,12,25,那光是真光，來到世上，#照亮所有的人。,約翰福音1章9節,S,C,L,基督降生，真光普照；#基督降生，賜我天糧。,C,L,.
2015,12,26,你要吃勞碌得來的；#你要享福，凡事順利。,詩篇128章2節,S,C,L,適飲適食：#黨參紅棗粳米飯#功效：益氣補血,C,L,.
2015,12,27,求你指教我們怎樣數算自己的#日子，好叫我們得着智慧的心。,詩篇90章12節,S,C,M,主啊，讓我仰賴應許，充滿能力#與希望，倚靠你伴我走過一生。,C,S,.
2015,12,28,他又對我說：「人子啊，我對你說的#一切話，你心裏要領會，耳朵要聽。」,以西結書3章10節,S,C,M,要別人接受你的方法，先#要體會別人感受，而不是#先保護自己的感受。,L,S,.
2015,12,29,我們當選擇公理，#彼此知道何為善。,約伯記34章4節,S,C,L,壓力往往是一種選擇，#也常是選擇的結果。,L,L,.
2015,12,30,當因我所造的歡喜快樂，#直到永遠。,以賽亞書65章18節上,S,C,L,環保錦囊：#聖誕過後，不要把飾物#丟掉，留待明年再用。 ,C,L,.
2015,12,31,凡要接受神國的，#若不像小孩子，絕不能進去。,馬可福音10章15節下,S,C,L,老友記篇：#保持童真，保持青春。,C,L,.